,gene1,gene2,both,odds_ratio,pvalue,n1,n2,expected,FDR,log2_OR,testable,exclusivity_reliable
0,CDH5,MMP1,920,2.2421557774948373,1.7367934620940464e-57,10114,1691,607.2781308809431,6.179753481404398e-57,1.1648865152584293,True,True
1,CDH5,COL1A1,375,0.3364959678747514,4.455873199633071e-95,10114,2230,800.845790576288,2.622109998245615e-94,-1.5713388773086874,True,True
2,CDH5,KDR,3969,3.2697316085486703,0.0,10114,6946,2494.4730319923306,0.0,1.7091722189321974,True,True
3,CDH5,VWF,3266,3.7236841306096395,0.0,10114,5315,1908.7423214856371,0.0,1.8967306984255763,True,True
4,CDH5,PECAM1,3040,3.974181537810746,0.0,10114,4801,1724.1527536128963,0.0,1.9906577753851216,True,True
5,CDH5,VEGFA,3000,1.48352036423294,5.744012741245511e-44,10114,6995,2512.0700919646342,1.7232038223736532e-43,0.5690247307792371,True,True
6,CDH5,DLL4,2502,3.456704980842912,3.9349293513724294e-283,10114,4069,1461.2742250470476,6.68937989733313e-282,1.7893974792621063,True,True
7,CDH5,ITGA6,285,2.8279915058560445,2.484789134886174e-28,10114,468,168.06987891914923,6.0344878990092805e-28,1.4997777868807753,True,True
8,CDH5,SEMA3F,939,3.532179904727903,1.0276727188591684e-116,10114,1447,519.6519546923269,8.27546978870804e-116,1.8205588257295522,True,True
9,CDH5,JAG1,485,0.8655806592479864,0.011239830874862976,10114,1478,530.784788552356,0.012552511852949163,-0.20825983130344325,True,True
10,CDH5,FLT1,937,3.3604651608918013,5.798032883178952e-110,10114,1469,527.5526754962184,4.2242811006018077e-109,1.7486609469514551,True,True
11,CDH5,PDGFB,791,3.110766782648015,6.551340110277001e-85,10114,1270,456.0870645882896,3.45639667887028e-84,1.6372702386108762,True,True
12,CDH5,COL1A2,209,0.24478889068397858,2.6745793804656317e-105,10114,1644,590.3993182544473,1.7791767183097464e-104,-2.030390009564367,True,True
13,CDH5,APLN,327,4.006484791792138,2.036472135861213e-48,10114,476,170.94286830238255,6.491254933057616e-48,2.002337000381261,True,True
14,CDH5,PDGFRB,202,0.41880765813434556,3.1464272330666586e-32,10114,1041,373.8477434932358,8.300058045848254e-32,-1.2556402718845685,True,True
15,CDH5,ANGPT2,619,2.2597493185710715,2.2042838088058846e-40,10114,1125,404.01413201718566,6.3633098631566105e-40,1.176162738607937,True,True
16,CDH5,ICAM1,377,2.4122169290639355,9.827578758528468e-29,10114,662,237.73987146255726,2.425192822669122e-28,1.2703596536775037,True,True
17,MMP1,COL1A1,62,0.42988561924223534,2.876219440673795e-13,1691,2230,133.8966019245109,5.000699709353304e-13,-1.2179752455452775,True,True
18,MMP1,KDR,621,1.8491867193393023,5.6245907159807785e-30,1691,6946,417.0608955011895,1.4342706325750984e-29,0.8868909064426405,True,True
19,MMP1,VWF,435,1.5334311370852103,9.275272249500792e-13,1691,5315,319.1302418066257,1.5425181023626317e-12,0.6167633798971491,True,True
20,MMP1,PECAM1,419,1.6617198022587156,9.288921840997113e-17,1691,4801,288.2679757128147,1.7765063020906978e-16,0.7326771366382259,True,True
21,MMP1,VEGFA,659,2.0298282233930824,4.4921610476732075e-40,1691,6995,420.0030181443738,1.2727789635074087e-39,1.0213576428071371,True,True
22,MMP1,DLL4,486,2.5777721488015053,1.8561337004166844e-55,1691,4069,244.31626602279587,6.4542830946307444e-55,1.366124748446812,True,True
23,MMP1,ITGA6,55,2.137310101223931,1.8640479895372122e-06,1691,468,28.100273408372686,2.396633129404987e-06,1.0957962430661343,True,True
24,MMP1,SEMA3F,245,3.566660797839505,1.2899740532013059e-51,1691,1447,86.88268295281043,4.2905658726043434e-51,1.8345740168856728,True,True
25,MMP1,JAG1,109,1.2683603003137063,0.028036816142841828,1691,1478,88.74402584951888,0.030860668128451795,0.34296462689617613,True,True
26,MMP1,FLT1,203,2.720964822953076,1.5988894544961998e-29,1691,1469,88.20363597628094,4.0103292875068614e-29,1.4441183053273199,True,True
27,MMP1,PDGFB,124,1.75453856859967,8.470210195459338e-08,1691,1270,76.25501544579768,1.1570912142011418e-07,0.8110916616847356,True,True
28,MMP1,COL1A2,54,0.5206855590565164,3.275998466925674e-07,1691,1644,98.71121684479637,4.3967347845581414e-07,-0.9415157000018257,True,True
29,MMP1,APLN,72,2.885058146790258,5.720730310846784e-13,1691,476,28.580619962361965,9.834513905163571e-13,1.528600395903889,True,True
30,MMP1,PDGFRB,37,0.5746692016478883,0.00040402618670437617,1691,1041,62.505095337854634,0.00048293755129507466,-0.7991963622626413,True,True
31,MMP1,ANGPT2,118,1.9035257494435205,2.82390411373026e-09,1691,1125,67.54873415474204,4.15439739808394e-09,0.9286740857095854,True,True
32,MMP1,ICAM1,65,1.7439662390815303,9.242195364312793e-05,1691,662,39.748677342612645,0.00011403676538224656,0.8023721116853104,True,True
33,COL1A1,KDR,104,0.13711221574472007,7.710670274469357e-153,2230,6946,549.9975144693392,6.554069733298954e-152,-2.866570983950856,True,True
34,COL1A1,VWF,104,0.1954025871856086,4.725187919325307e-93,2230,5315,420.85182686503566,2.677606487617674e-92,-2.3554785257635746,True,True
35,COL1A1,PECAM1,83,0.17482462893746817,7.490178020376096e-91,2230,4801,380.15232752192594,4.0928472754197955e-90,-2.516019651793765,True,True
36,COL1A1,VEGFA,1316,5.133913847347257,4.788432359223607e-283,2230,6995,553.8774278308418,7.32630150961212e-282,2.360059086126081,True,True
37,COL1A1,DLL4,85,0.21952722942160602,1.7186299794730264e-65,2230,4069,322.1911728153961,6.9197470226150795e-65,-2.187528196971357,True,True
38,COL1A1,ITGA6,21,0.554193736796793,0.00421507376713907,2230,468,37.05713169761744,0.004777083602757613,-0.8515376885488446,True,True
39,COL1A1,SEMA3F,48,0.38957564209439877,1.8325661223569747e-13,2230,1447,114.57621702233426,3.222788697938128e-13,-1.3600246180014421,True,True
40,COL1A1,JAG1,618,11.176454828407858,8.579948645178943e-308,2230,1478,117.03085608777474,1.875331632446255e-306,3.482390732749579,True,True
41,COL1A1,FLT1,25,0.19601779088576116,1.2666311515109372e-26,2230,1469,116.31821893974363,2.9814548643257444e-26,-2.3509434933129776,True,True
42,COL1A1,PDGFB,42,0.39053581319973824,6.496037966183395e-12,2230,1270,100.56101977772255,1.057333839176659e-11,-1.3564732413816654,True,True
43,COL1A1,COL1A2,1030,35.36869774561657,0.0,2230,1644,130.17505237368178,0.0,5.144401195732022,True,True
44,COL1A1,APLN,10,0.2581506294387797,7.007133821500889e-08,2230,476,37.69058694031175,9.746286133542145e-08,-1.9537149791158102,True,True
45,COL1A1,PDGFRB,635,25.01304021188128,0.0,2230,1041,82.42836345559778,0.0,4.64460851554256,True,True
47,COL1A1,ICAM1,17,0.3097314783919603,5.830680624345929e-09,2230,662,52.41842133295459,8.496134624046925e-09,-1.690910081548109,True,True
48,KDR,VWF,2236,2.796553005475895,5.71147852145547e-215,6946,5315,1310.8685154280438,6.721970875251438e-214,1.4836496752233692,True,True
49,KDR,PECAM1,2472,4.480500638578426,0.0,6946,4801,1184.0977878777119,0.0,2.163659943988398,True,True
50,KDR,VEGFA,1976,1.2832494364424174,2.0169720481614174e-15,6946,6995,1725.2164187053936,3.718032811671047e-15,0.3598016269681917,True,True
51,KDR,DLL4,1757,2.768702187108585,1.1231938750169683e-174,6946,4069,1003.5604871640095,1.0108744875152715e-173,1.4692098798917872,True,True
52,KDR,ITGA6,256,3.789683000918774,1.4576486295839781e-44,6946,468,115.42548734154742,4.4604048065269733e-44,1.9220771750113026,True,True
53,KDR,SEMA3F,487,1.5917109202297952,3.0397696404802027e-15,6946,1447,356.8817952632887,5.536723273731797e-15,0.6705783435320731,True,True
54,KDR,JAG1,270,0.6708230824986187,1.6859895577346517e-09,6946,1478,364.52750062138267,2.554023785479225e-09,-0.575995763120835,True,True
55,KDR,FLT1,663,2.6724516541739254,4.5008090593642236e-69,6946,1469,362.3077797109683,1.912843850229795e-68,1.4181638491938817,True,True
56,KDR,PDGFB,517,2.186004416334731,7.568452856943579e-38,6946,1270,313.22728402513934,2.067809441272085e-37,1.1282963156565604,True,True
57,KDR,COL1A2,82,0.1511851409425304,7.940188951958741e-107,6946,1644,405.46901963569223,5.522040498407671e-106,-2.7256117419814783,True,True
58,KDR,APLN,214,2.5434292079995755,3.193051261060097e-22,6946,476,117.39857259524909,6.979097756317069e-22,1.3467749398112128,True,True
59,KDR,PDGFRB,94,0.2950312416072173,2.616821938062109e-39,6946,1041,256.7477186379292,7.279522845881867e-39,-1.761060361682994,True,True
60,KDR,ANGPT2,534,2.906639181780882,2.9215033052936333e-64,6946,1125,277.4651138017967,1.1461282197690408e-63,1.5393519923673205,True,True
61,KDR,ICAM1,200,1.333697432702843,0.0010087356246774742,6946,662,163.2728047438128,0.001196407368803516,0.41543140876405493,True,True
62,VWF,PECAM1,1893,3.79305227756784,6.845945944015591e-302,5315,4801,906.0581259098817,1.3092871617929818e-300,1.9233592556469488,True,True
64,VWF,DLL4,1330,2.4505413388362163,1.2221492630427371e-116,5315,4069,767.913041934453,9.349441862276938e-116,1.2931004841608367,True,True
65,VWF,ITGA6,153,2.1236239030249076,6.860655716447544e-13,5315,468,88.32226680396265,1.1534948622159058e-12,1.0865282853110585,True,True
66,VWF,SEMA3F,551,2.8344048171381844,4.039812916912758e-69,5315,1447,273.0818804814828,1.7659753608218628e-68,1.5030458224653727,True,True
67,VWF,JAG1,190,0.6219180297467216,2.923636761499693e-10,5315,1478,278.93228704328374,4.5644533113209494e-10,-0.6852036525876077,True,True
68,VWF,FLT1,555,2.798823572582124,4.245515104281458e-68,5315,1469,277.2337819124383,1.7555778674461163e-67,1.4848205476528715,True,True
69,VWF,PDGFB,504,3.0207637455896834,9.500705952878129e-70,5315,1270,239.67794624152256,4.2753176787951585e-69,1.5949133550706538,True,True
70,VWF,COL1A2,60,0.15449138483871755,1.7254638975728126e-80,5315,1644,310.2602705677662,8.515999236407752e-80,-2.694401705929254,True,True
71,VWF,APLN,224,3.945939213385151,3.954260591783574e-45,5315,476,89.83204914249193,1.2346976949854834e-44,1.9803687317271412,True,True
72,VWF,PDGFRB,81,0.35481423576779,1.7272269577151028e-24,5315,1041,196.46042680112203,3.944264545230011e-24,-1.4948642006385189,True,True
73,VWF,ANGPT2,344,1.956707616008819,6.474182600887773e-22,5315,1125,212.31314135567945,1.3951407576560975e-21,0.9684281951838494,True,True
74,VWF,ICAM1,163,1.419816031460864,0.00023473172467216382,5315,662,124.9344885132976,0.00028503137995905607,0.505704008819221,True,True
75,PECAM1,VEGFA,1061,0.8334244094926176,1.1686036931976326e-06,4801,6995,1192.4509107694494,1.5281740603353657e-06,-0.2628767403013684,True,True
76,PECAM1,DLL4,1518,3.772120747801621,2.4774162413338375e-254,4801,4069,693.6501438057026,3.158705707700643e-253,1.915375858268155,True,True
77,PECAM1,ITGA6,177,3.037881616055289,3.539469065404732e-27,4801,468,79.78084721087953,8.461543234483188e-27,1.6030656502028244,True,True
78,PECAM1,SEMA3F,450,2.321247851330037,1.5990506720637408e-41,4801,1447,246.6728331498775,4.704899092802929e-41,1.214900574726368,True,True
79,PECAM1,JAG1,207,0.7846729580200847,0.001213835373464066,4801,1478,251.95746191811952,0.001417685588854978,-0.34983661305339314,True,True
80,PECAM1,FLT1,585,3.5289400834979165,4.351252090561195e-101,4801,1469,250.42321485637183,2.7739232077327615e-100,1.8192349353672135,True,True
81,PECAM1,PDGFB,432,2.658927283864414,5.363101167682582e-51,4801,1270,216.49930760217308,1.7458605928839045e-50,1.4108443230238294,True,True
82,PECAM1,COL1A2,64,0.1876392611469434,3.2255120837066364e-64,4801,1644,280.2557966125768,1.2337583720177882e-63,-2.4139663697217904,True,True
83,PECAM1,APLN,185,3.180301881590737,4.570638874074378e-30,4801,476,81.14462237687746,1.1852673690396268e-29,1.669163715950766,True,True
84,PECAM1,PDGFRB,80,0.3972315156505445,5.272848962925298e-19,4801,1041,177.461243475482,1.075661188436761e-18,-1.3319480065904399,True,True
85,PECAM1,ANGPT2,418,3.0571845674088625,3.696978546121548e-61,4801,1125,191.7808827184604,1.3467564703728496e-60,1.6122036527965522,True,True
86,PECAM1,ICAM1,167,1.6679650787391846,8.09591115892997e-08,4801,662,112.85239498632959,1.1159228894741311e-07,0.7380890841919333,True,True
88,VEGFA,ITGA6,171,1.7630311205733666,1.6112874384335707e-08,6995,468,116.23974718602422,2.3039904493489378e-08,0.8180579409658676,True,True
89,VEGFA,SEMA3F,519,1.7485759895527182,9.15870244595984e-22,6995,1447,359.39938926960906,1.946224269766466e-21,0.80618049398741,True,True
90,VEGFA,JAG1,701,2.92290845450489,2.7042676120038514e-83,6995,1478,367.0990306430423,1.3791764821219643e-82,1.547404644641728,True,True
91,VEGFA,FLT1,469,1.450146105986308,3.3671490245834416e-10,6995,1469,364.8636508894649,5.203775765265318e-10,0.5361982628353108,True,True
92,VEGFA,PDGFB,443,1.6638017130981348,2.7983628048092876e-16,6995,1270,315.4369207825871,5.28579640908421e-16,0.734483507652291,True,True
93,VEGFA,COL1A2,737,2.6309750419869746,5.737397749564028e-74,6995,1644,408.3293683201363,2.660066229343322e-73,1.3955975628434427,True,True
94,VEGFA,APLN,147,1.362160981830586,0.002692630949254929,6995,476,118.22675141142633,0.0030975378589173245,0.4458972128686792,True,True
95,VEGFA,PDGFRB,566,3.834477057601786,9.163857860570382e-96,6995,1041,258.5589248304513,5.608281010669073e-95,1.9390298377418769,True,True
96,VEGFA,ANGPT2,343,1.3452412734889116,1.223474986129639e-05,6995,1125,279.4224691971736,1.5343579744084816e-05,0.4278649481343664,True,True
97,VEGFA,ICAM1,233,1.6673037254771164,2.0304601428750034e-09,6995,662,164.4245996520257,3.0161204064065584e-09,0.737516937753385,True,True
98,DLL4,ITGA6,142,2.6412971322681487,8.682168846082262e-19,4069,468,67.61680218726698,1.7478576755928764e-18,1.4012466063657376,True,True
99,DLL4,SEMA3F,450,2.8820285968409074,4.960086218162816e-62,4069,1447,209.0630614636225,1.8509590033631974e-61,1.5270846506812512,True,True
100,DLL4,JAG1,166,0.7403926878808396,0.00022386254602639821,4069,1478,213.54195220679614,0.00027400775633631145,-0.43363744766664236,True,True
101,DLL4,FLT1,661,5.589728886340299,4.176806364770027e-187,4069,1469,212.24162908781025,4.260342492065428e-186,2.4827783110080657,True,True
102,DLL4,PDGFB,241,1.4132695639278607,5.576758055981335e-06,4069,1270,183.4900401235664,7.051603161695407e-06,0.49903666839707717,True,True
103,DLL4,COL1A2,56,0.19945545759768368,2.6997338078858008e-52,4069,1644,237.52568973475837,9.179094946811722e-52,-2.325861495195597,True,True
104,DLL4,APLN,115,1.9175376127516894,1.6499318196128497e-08,4069,476,68.7726449596989,2.3374034111182037e-08,0.9392548766581372,True,True
105,DLL4,PDGFRB,68,0.40658167414235585,7.09705686814278e-16,4069,1041,150.40404076270283,1.3242069522266406e-15,-1.2983829048394155,True,True
106,DLL4,ANGPT2,278,2.0148869715949784,1.7431340574328506e-20,4069,1125,162.54038987323793,3.653417955989399e-20,1.01069891066737,True,True
107,DLL4,ICAM1,150,1.7668586398837582,1.2584660690424932e-08,4069,662,95.6459894187409,1.8164651751273724e-08,0.8211866195744734,True,True
108,ITGA6,SEMA3F,57,2.643465050771967,1.943282777608906e-09,468,1447,24.045591733835174,2.914924166413359e-09,1.4024302529865784,True,True
110,ITGA6,FLT1,65,3.03872488103604,6.180014769363291e-13,468,1469,24.411177786457408,1.0506025107917594e-12,1.603466062575841,True,True
111,ITGA6,PDGFB,44,2.262353686286881,4.721616834506727e-06,468,1270,21.10428576501083,6.020061463996077e-06,1.1778244914692166,True,True
112,ITGA6,COL1A2,16,0.5836829133002102,0.02183321417280126,468,1644,27.319248659588823,0.024206389626366613,-0.776743259420102,True,True
113,ITGA6,APLN,24,3.31847566015574,1.7870636334923567e-06,468,476,7.9099527749174445,2.3171248807146657e-06,1.7305206926121146,True,True
115,ITGA6,ANGPT2,68,4.3084141277304076,2.50526766226319e-20,468,1125,18.694741327273373,5.17981016657119e-20,2.107156929387204,True,True
118,SEMA3F,FLT1,269,4.860580294909648,2.949370514134365e-79,1447,1469,75.47644072009373,1.410167777070493e-78,2.2811285645741184,True,True
119,SEMA3F,PDGFB,140,2.4320636818680375,9.444520288549892e-18,1447,1270,65.25192628626212,1.8525789796770944e-17,1.2821810052257336,True,True
120,SEMA3F,COL1A2,25,0.2778033099456264,5.1302837167589724e-15,1447,1644,84.46784788552355,9.23451069016615e-15,-1.847864306173914,True,True
121,SEMA3F,APLN,60,2.7534131490434013,1.5536101118118224e-10,1447,476,24.456627489969108,2.476066115700092e-10,1.4612211022529018,True,True
122,SEMA3F,PDGFRB,22,0.39784961404144953,6.674419831651912e-07,1447,1041,53.48602776692824,8.803329605540885e-07,-1.3297048954671113,True,True
123,SEMA3F,ANGPT2,86,1.569374913113437,0.00024372345726136364,1447,1125,57.80190320633455,0.0002936195981180208,0.6501900436236938,True,True
124,SEMA3F,ICAM1,93,3.1693415535831364,1.0075537057915088e-18,1447,662,34.013208820083086,2.0020222985207902e-18,1.6641831444496773,True,True
127,JAG1,COL1A2,440,8.973411774534311,2.137332188991971e-201,1478,1644,86.27745623690657,2.3357987493983687e-200,3.165656615507864,True,True
129,JAG1,PDGFRB,338,10.961758190945442,3.7042198499377696e-180,1478,1041,54.6318929091361,3.542160231502992e-179,3.454407310149831,True,True
130,JAG1,ANGPT2,108,1.997177987911297,1.2455762955305618e-09,1478,1125,59.04023008912403,1.9057317321617594e-09,0.9979629110665356,True,True
132,FLT1,PDGFB,108,1.7502999143101972,5.528726786397181e-07,1469,1270,66.24400809572843,7.355610420163205e-07,0.8076021493807846,True,True
133,FLT1,COL1A2,22,0.24020214439113183,2.3672215814471786e-17,1469,1644,85.75208607037602,4.584619012169852e-17,-2.057679064207503,True,True
134,FLT1,APLN,61,2.7616226392365077,1.014099103154233e-10,1469,476,24.8284628768242,1.6332332924483963e-10,1.4655161966067516,True,True
135,FLT1,PDGFRB,20,0.355453135307346,5.173304298080245e-08,1469,1041,54.29922238397898,7.261610620241077e-08,-1.4922687345267864,True,True
136,FLT1,ANGPT2,143,2.8311077094536983,2.9019030244942246e-23,1469,1125,58.68071583283031,6.43465453257415e-23,1.5013666376006818,True,True
137,FLT1,ICAM1,75,2.4059458511019733,2.7170681175970324e-10,1469,662,34.53034122785215,4.2856847628076906e-10,1.2666041731766056,True,True
138,PDGFB,COL1A2,23,0.293601696145915,9.77852437368552e-13,1270,1644,74.13556794375599,1.6087249776063274e-12,-1.7680677921890977,True,True
139,PDGFB,APLN,79,4.4475870751154005,6.764952335978698e-24,1270,476,21.465042786634946,1.522114275595207e-23,2.153022850935367,True,True
140,PDGFB,PDGFRB,27,0.5641449881423818,0.0017182496752212336,1270,1041,46.94350743883819,0.001991607578097339,-0.8258621046172868,True,True
141,PDGFB,ANGPT2,149,3.53804029102089,6.452883038806236e-33,1270,1125,50.731456165891416,1.7320896577848317e-32,1.8229504774588552,True,True
142,PDGFB,ICAM1,78,2.963052511329542,9.957765874214618e-15,1270,662,29.85264353939566,1.7715560218079496e-14,1.5670841940222549,True,True
143,COL1A2,APLN,5,0.18533280165531676,1.0984071496887691e-07,1644,476,27.786244363171537,1.4872238398440855e-07,-2.431809851420553,True,True
144,COL1A2,PDGFRB,423,14.519282486281396,1.5630361570574506e-255,1644,1041,60.76781592870078,2.1740412002708178e-254,3.859898254897281,True,True
146,COL1A2,ICAM1,15,0.3800808216273083,1.5548447064469128e-05,1644,662,38.64389447146966,1.934075122653477e-05,-1.3956218643236897,True,True
148,APLN,ANGPT2,76,4.848263753205111,3.478899632289169e-25,476,1125,19.014309555090012,8.064721874852164e-25,2.2774681858344867,True,True
149,APLN,ICAM1,23,2.1917610660892217,0.0011410993146394625,476,662,11.188864822639633,0.0013429861164602904,1.1320905320773458,True,True
151,PDGFRB,ICAM1,11,0.45343388880138136,0.0032650919552986817,1041,662,24.469765294890458,0.003728052754930584,-1.1410358754482084,True,True
152,ANGPT2,ICAM1,41,1.6265563875081739,0.006323987839724545,1125,662,26.444270851826865,0.0071144863196901135,0.7018208368692523,True,True
