gene_ID,n_cells,cluster_id,nearest_neighbor_hamming
000000000000000000,7516,17,0.05555555555555555
100000000000000000,1462,17,0.05555555555555555
000000100000000000,714,17,0.05555555555555555
000100000000000000,682,17,0.05555555555555555
100100000000000000,459,17,0.05555555555555555
000010000000000000,406,14,0.05555555555555555
100010000000000000,302,14,0.05555555555555555
100000100000000000,279,17,0.05555555555555555
100100100000000000,204,17,0.05555555555555555
100000010000000000,203,10,0.05555555555555555
000000010000000000,196,10,0.05555555555555555
000100100000000000,169,17,0.05555555555555555
010000000000000000,163,8,0.05555555555555555
100110000000000000,162,17,0.05555555555555555
100001000000000000,153,11,0.05555555555555555
000001000000000000,147,11,0.05555555555555555
000000000010000000,139,12,0.05555555555555555
000000000000010000,119,1,0.05555555555555555
100101000000000000,116,11,0.05555555555555555
001000000000000000,107,1,0.05555555555555555
001000000000010000,99,1,0.05555555555555555
000110000000000000,89,17,0.05555555555555555
000000000000100000,84,13,0.05555555555555555
000101000000000000,82,11,0.05555555555555555
100100010000000000,79,10,0.05555555555555555
001000100000000000,73,1,0.05555555555555555
300000000000000000,70,17,0.05555555555555555
000000000000000010,67,7,0.05555555555555555
100010100000000000,67,14,0.05555555555555555
000000000000000001,64,16,0.05555555555555555
110000000000000000,64,8,0.05555555555555555
000000000000000100,61,3,0.05555555555555555
100011000000000000,59,11,0.05555555555555555
000000000100000000,58,5,0.05555555555555555
100111000000000000,57,11,0.05555555555555555
001000100000010000,55,1,0.05555555555555555
100000000000100000,53,13,0.05555555555555555
100000000100000000,53,5,0.05555555555555555
100010010000000000,53,11,0.05555555555555555
100110100000000000,52,14,0.05555555555555555
000010100000000000,51,14,0.05555555555555555
010000100000000000,47,8,0.05555555555555555
000100010000000000,46,10,0.05555555555555555
000000000001000000,43,4,0.05555555555555555
000000100000010000,42,1,0.05555555555555555
100000000001000000,42,4,0.05555555555555555
100000000010000000,41,12,0.05555555555555555
100000110000000000,38,10,0.05555555555555555
300000100000000000,37,17,0.05555555555555555
100000000000000010,35,7,0.05555555555555555
000011000000000000,34,11,0.05555555555555555
300100000000000000,34,17,0.05555555555555555
100000000000000001,33,16,0.05555555555555555
000000100010000000,31,1,0.05555555555555555
100010000000100000,31,13,0.05555555555555555
100100000001000000,31,4,0.05555555555555555
100001100000000000,31,17,0.05555555555555555
010100000000000000,30,8,0.05555555555555555
100110010000000000,29,11,0.05555555555555555
000010010000000000,29,11,0.05555555555555555
100100110000000000,28,10,0.05555555555555555
000000001000000000,28,9,0.05555555555555555
000110100000000000,28,14,0.05555555555555555
000100000000000010,27,7,0.05555555555555555
000000110000000000,26,10,0.05555555555555555
000000100100000000,26,17,0.05555555555555555
100100000000000010,26,7,0.05555555555555555
000000000000001000,26,15,0.05555555555555555
110000100000000000,25,8,0.05555555555555555
110100100000000000,24,8,0.05555555555555555
000001100000000000,24,17,0.05555555555555555
100000010001000000,24,4,0.05555555555555555
100101010000000000,24,11,0.05555555555555555
100101100000000000,23,17,0.05555555555555555
000100000000100000,23,13,0.05555555555555555
110100000000000000,22,8,0.05555555555555555
000000100000100000,22,17,0.05555555555555555
100100000000100000,22,13,0.05555555555555555
000100000010000000,22,12,0.05555555555555555
300100100000000000,21,17,0.05555555555555555
300101000000000000,21,11,0.05555555555555555
100010000100000000,20,5,0.05555555555555555
100000000000000100,20,3,0.05555555555555555
001000100010000000,19,1,0.05555555555555555
000111000000000000,19,11,0.05555555555555555
000010000000100000,19,13,0.05555555555555555
101000000000000000,19,2,0.05555555555555555
000000100000000100,19,3,0.05555555555555555
000100000100000000,18,5,0.05555555555555555
300010100000000000,18,14,0.05555555555555555
100100000100000000,18,5,0.05555555555555555
300010000000000000,18,14,0.05555555555555555
000101010000000000,17,11,0.05555555555555555
300001000000000000,17,11,0.05555555555555555
000000010001000000,17,4,0.05555555555555555
001000000010010000,17,1,0.05555555555555555
100000100100000000,17,17,0.05555555555555555
100001010000000000,17,11,0.05555555555555555
100000100000100000,16,17,0.05555555555555555
100000001000000000,16,9,0.05555555555555555
100110000000100000,16,13,0.05555555555555555
000000300000000000,16,17,0.05555555555555555
110000010000000000,16,8,0.05555555555555555
000110010000000000,16,11,0.05555555555555555
100000100010000000,16,12,0.05555555555555555
010100100000000000,15,8,0.05555555555555555
000000100000000010,15,7,0.05555555555555555
000010000100000000,15,5,0.05555555555555555
010000010000000000,15,8,0.05555555555555555
100100000010000000,15,12,0.05555555555555555
300110000000000000,15,17,0.05555555555555555
000000100000000001,15,16,0.05555555555555555
000100110000000000,15,10,0.05555555555555555
100100100100000000,15,6,0.05555555555555555
000100001000000000,14,9,0.05555555555555555
100100000000000001,14,16,0.05555555555555555
100011100000000000,14,17,0.05555555555555555
001000000000010100,14,3,0.05555555555555555
100010000001000000,14,14,0.05555555555555555
100010000000000010,14,7,0.05555555555555555
000100100010000000,13,12,0.05555555555555555
110100010000000000,13,8,0.05555555555555555
001000100000000100,13,3,0.05555555555555555
100100100001000000,13,4,0.05555555555555555
010010000000000000,13,14,0.05555555555555555
000000000010010000,13,1,0.05555555555555555
001000000000000100,13,3,0.05555555555555555
300000010000000000,13,10,0.05555555555555555
100011010000000000,13,11,0.05555555555555555
100100100000100000,12,13,0.05555555555555555
000100100000100000,12,13,0.05555555555555555
400100100000000000,12,17,0.05555555555555555
100100100000000010,12,7,0.05555555555555555
100111100000000000,12,17,0.05555555555555555
100100000000001000,12,15,0.05555555555555555
100000000000001000,12,15,0.05555555555555555
100001000000000010,12,7,0.05555555555555555
110101000000000000,11,8,0.05555555555555555
001000100010010000,11,1,0.05555555555555555
100111010000000000,11,11,0.05555555555555555
100101000000000010,11,7,0.05555555555555555
100010110000000000,11,10,0.05555555555555555
000100000000000001,11,16,0.05555555555555555
000100000001000000,11,4,0.05555555555555555
100100101000000000,11,9,0.05555555555555555
110001000000000000,11,8,0.05555555555555555
110010000000000000,11,14,0.05555555555555555
010101000000000000,10,8,0.05555555555555555
100010100000100000,10,13,0.05555555555555555
100100001000000000,10,9,0.05555555555555555
000101100000000000,10,17,0.05555555555555555
100000100001000000,10,4,0.05555555555555555
300101100000000000,10,17,0.05555555555555555
110110000000000000,10,14,0.05555555555555555
100100100010000000,9,12,0.05555555555555555
000100100000000010,9,7,0.05555555555555555
300111000000000000,9,11,0.05555555555555555
100010100100000000,9,6,0.05555555555555555
000000100001000000,9,4,0.05555555555555555
100000010100000000,9,5,0.05555555555555555
000100010000000010,9,7,0.05555555555555555
000000100010010000,9,1,0.05555555555555555
000010000000000010,9,7,0.05555555555555555
100001000000100000,9,11,0.05555555555555555
011000000000000000,9,1,0.05555555555555555
300100010000000000,9,10,0.05555555555555555
100000300000000000,8,17,0.05555555555555555
100100300000000000,8,17,0.05555555555555555
100010000000000001,8,14,0.05555555555555555
010000000001000000,8,4,0.05555555555555555
100110000100000000,8,5,0.05555555555555555
000000101000000000,8,9,0.05555555555555555
000001000000100000,8,11,0.05555555555555555
100111000001000000,8,4,0.05555555555555555
010000000100000000,8,8,0.05555555555555555
000001000001000000,8,4,0.05555555555555555
100010010100000000,8,5,0.05555555555555555
000110000000100000,8,13,0.05555555555555555
000001010000000000,8,11,0.05555555555555555
100000000000010000,8,2,0.05555555555555555
100101001000000000,8,9,0.05555555555555555
100001000001000000,8,4,0.05555555555555555
100100010000000010,8,7,0.05555555555555555
000100000000000100,8,3,0.05555555555555555
000010000001000000,8,14,0.05555555555555555
100001010001000000,8,4,0.05555555555555555
400000000000000000,8,17,0.05555555555555555
100101010001000000,8,4,0.05555555555555555
000100010001000000,8,4,0.05555555555555555
000010000000001000,8,15,0.05555555555555555
101000100000000000,8,2,0.05555555555555555
400100000000000000,8,17,0.05555555555555555
300000000001000000,7,4,0.05555555555555555
000110000100000000,7,5,0.05555555555555555
001000000010000000,7,1,0.05555555555555555
000010000000000100,7,14,0.05555555555555555
110000000010000000,7,8,0.05555555555555555
110000100100000000,7,8,0.05555555555555555
110001100000000000,7,8,0.05555555555555555
000101000000000010,7,7,0.05555555555555555
100000100000000010,7,7,0.05555555555555555
000000000000010100,7,3,0.05555555555555555
100000000101000000,7,5,0.05555555555555555
110001010000000000,7,8,0.05555555555555555
100011000001000000,7,14,0.05555555555555555
000010100000100000,7,13,0.05555555555555555
400000100000000000,7,17,0.05555555555555555
000000000010000010,7,7,0.05555555555555555
100001000010000000,7,12,0.05555555555555555
100100010010000000,7,10,0.05555555555555555
100010000000000100,7,14,0.05555555555555555
100001000100000000,7,5,0.05555555555555555
000000010000000001,7,10,0.05555555555555555
000000010010000000,7,10,0.05555555555555555
110000000100000000,7,8,0.05555555555555555
010100110000000000,7,8,0.05555555555555555
100100010100000000,7,5,0.05555555555555555
110000001000000000,7,9,0.05555555555555555
000100010010000000,7,10,0.05555555555555555
001000000010010100,7,1,0.05555555555555555
100000010000000010,7,7,0.05555555555555555
100110000001000000,7,14,0.05555555555555555
000001000100000000,7,5,0.05555555555555555
110100110000000000,6,8,0.05555555555555555
300000000100000000,6,5,0.05555555555555555
100100010001000000,6,4,0.05555555555555555
100101110000000000,6,6,0.05555555555555555
300110100000000000,6,14,0.05555555555555555
300000110000000000,6,10,0.05555555555555555
000010000000000001,6,14,0.05555555555555555
100110110000000000,6,10,0.05555555555555555
100000100000000001,6,16,0.05555555555555555
100000010000000001,6,10,0.05555555555555555
310100000000000000,6,8,0.05555555555555555
500000100000000000,6,17,0.05555555555555555
000000000000100010,6,7,0.05555555555555555
300011000000000000,6,11,0.05555555555555555
010000100100000000,6,8,0.05555555555555555
000010000010000000,6,12,0.05555555555555555
000001000000000010,6,7,0.05555555555555555
000100000000001000,6,15,0.05555555555555555
100000010000100000,6,13,0.05555555555555555
001000100000010100,6,3,0.05555555555555555
110011010000000000,6,8,0.05555555555555555
110110100000000000,6,14,0.05555555555555555
010000110000000000,6,8,0.05555555555555555
000111000000100000,6,11,0.05555555555555555
100000101000000000,6,9,0.05555555555555555
110000010001000000,6,4,0.05555555555555555
100100000000000100,6,11,0.05555555555555555
000000011000000000,6,9,0.05555555555555555
300010010000000000,6,11,0.05555555555555555
100000011000000000,5,9,0.05555555555555555
010010100000000000,5,14,0.05555555555555555
100010100010000000,5,12,0.05555555555555555
100010100100100000,5,6,0.05555555555555555
000100101000000000,5,9,0.05555555555555555
000000000000010010,5,7,0.05555555555555555
100011000100000000,5,5,0.05555555555555555
400001000000000000,5,11,0.05555555555555555
000001000010000000,5,12,0.05555555555555555
100101000000001000,5,15,0.05555555555555555
100000000000100010,5,7,0.05555555555555555
100110000000001000,5,15,0.05555555555555555
100000100000001000,5,15,0.05555555555555555
000010100100000000,5,6,0.05555555555555555
100000000100100000,5,5,0.05555555555555555
110010100000000000,5,14,0.05555555555555555
010001000000000000,5,8,0.05555555555555555
000100100000000001,5,16,0.05555555555555555
000000110001000000,5,4,0.05555555555555555
000110100000100000,5,13,0.05555555555555555
100010010001000000,5,5,0.05555555555555555
100111010001000000,5,4,0.05555555555555555
000000100101000000,5,4,0.05555555555555555
100010000000001000,5,15,0.05555555555555555
100001110000000000,5,6,0.05555555555555555
100111000000100000,5,11,0.05555555555555555
001000100010000100,5,1,0.05555555555555555
100010001000000000,5,9,0.05555555555555555
000100300000000000,5,17,0.05555555555555555
100000000000100001,5,16,0.05555555555555555
100000010010000000,5,10,0.05555555555555555
000110000001000000,5,14,0.05555555555555555
100100010000100000,5,13,0.05555555555555555
300110010000000000,5,11,0.05555555555555555
100110010000000010,5,7,0.05555555555555555
000000000100010000,4,16,0.05555555555555555
101000000000010000,4,2,0.05555555555555555
100101000100000000,4,5,0.05555555555555555
100101000000100000,4,11,0.05555555555555555
000010101000000000,4,9,0.05555555555555555
000101100000100000,4,17,0.05555555555555555
000010110000000000,4,10,0.05555555555555555
000011000000100000,4,11,0.05555555555555555
000101000010000000,4,12,0.05555555555555555
100000110100000000,4,6,0.05555555555555555
000000000010100000,4,12,0.05555555555555555
100300100000000000,4,17,0.05555555555555555
000000010000000100,4,3,0.05555555555555555
100300000000000000,4,17,0.05555555555555555
010000100000010000,4,1,0.05555555555555555
010000000000010000,4,1,0.05555555555555555
000110000010000000,4,12,0.05555555555555555
000110110000000000,4,10,0.05555555555555555
100101000000000100,4,11,0.05555555555555555
100100010000001000,4,10,0.05555555555555555
000000000000100001,4,16,0.05555555555555555
000111010000000000,4,11,0.05555555555555555
100001110100000000,4,6,0.05555555555555555
100010000000100010,4,7,0.05555555555555555
000011100000000000,4,17,0.05555555555555555
100000110001000000,4,4,0.05555555555555555
101000000000010100,4,2,0.05555555555555555
100100100000000001,4,16,0.05555555555555555
100001000101000000,4,5,0.05555555555555555
110110010000000000,4,8,0.05555555555555555
100101000001000000,4,4,0.05555555555555555
300111010000000000,4,11,0.05555555555555555
100010010101000000,4,5,0.05555555555555555
100110000000000010,4,7,0.05555555555555555
000100000000010000,4,17,0.05555555555555555
110111000000000000,4,8,0.05555555555555555
110000110000000000,4,8,0.05555555555555555
100001000000000001,4,16,0.05555555555555555
100010001000000010,4,9,0.05555555555555555
000000100000001000,4,15,0.05555555555555555
000000010000000010,4,7,0.05555555555555555
100011100000100000,4,13,0.05555555555555555
010001100000000000,4,8,0.05555555555555555
100110100000000100,4,14,0.05555555555555555
100110100000100000,4,13,0.05555555555555555
300011100000000000,4,17,0.05555555555555555
011000100000000000,4,1,0.05555555555555555
001000100000000010,4,1,0.05555555555555555
100001001000000000,4,9,0.05555555555555555
000000000100100000,4,5,0.05555555555555555
100001000000001000,4,15,0.05555555555555555
000111100000000000,4,17,0.05555555555555555
100000000000101000,4,15,0.05555555555555555
100010000010000000,4,12,0.05555555555555555
100010100001000000,4,14,0.05555555555555555
100000010101000000,4,5,0.05555555555555555
110011000000000000,4,8,0.05555555555555555
000000400000000000,4,17,0.05555555555555555
100101000010000000,4,12,0.05555555555555555
100001010000100000,4,11,0.05555555555555555
400010000000000000,4,14,0.05555555555555555
100010100000000010,4,7,0.05555555555555555
000011100000100000,3,13,0.05555555555555555
000100100001000000,3,4,0.05555555555555555
100000100000100001,3,16,0.05555555555555555
100010110100000000,3,6,0.05555555555555555
000010100001000000,3,14,0.05555555555555555
000000100000010100,3,3,0.05555555555555555
110100110001000000,3,4,0.05555555555555555
300101100000100000,3,17,0.05555555555555555
000000000000010001,3,16,0.05555555555555555
100101110100000000,3,6,0.05555555555555555
110010110000000000,3,8,0.05555555555555555
110000100001000000,3,4,0.05555555555555555
100000100000100010,3,7,0.05555555555555555
000000100000010010,3,7,0.05555555555555555
100001100000000001,3,16,0.05555555555555555
100011000000100000,3,13,0.05555555555555555
100100100000001000,3,15,0.05555555555555555
000101000000000001,3,16,0.05555555555555555
100110000010000000,3,12,0.05555555555555555
400111000000000000,3,11,0.05555555555555555
300001100000000000,3,17,0.05555555555555555
110010000000000001,3,14,0.05555555555555555
110000000001000000,3,4,0.05555555555555555
110000000000000010,3,7,0.05555555555555555
110110000001000000,3,14,0.05555555555555555
000001000000000001,3,16,0.05555555555555555
100100110010000000,3,10,0.05555555555555555
100301000000000000,3,17,0.05555555555555555
100100100000010000,3,17,0.05555555555555555
100111000000001000,3,15,0.05555555555555555
000110000000001000,3,15,0.05555555555555555
300101010000000000,3,11,0.05555555555555555
100101011001000000,3,4,0.05555555555555555
100000000010100000,3,12,0.05555555555555555
001000300010000000,3,1,0.05555555555555555
300011000000000010,3,7,0.05555555555555555
000011000010000000,3,12,0.05555555555555555
100130000000000000,3,17,0.05555555555555555
100011001000000000,3,9,0.05555555555555555
000001001000000000,3,9,0.05555555555555555
001000300000000000,3,1,0.05555555555555555
300001001000000000,3,9,0.05555555555555555
000101000001000000,3,4,0.05555555555555555
100011000000000010,3,7,0.05555555555555555
300100000000000010,3,7,0.05555555555555555
010000000000000100,3,3,0.05555555555555555
300011010000000000,3,11,0.05555555555555555
003000100000000000,3,1,0.05555555555555555
100111000000000010,3,7,0.05555555555555555
300000100100000000,3,17,0.05555555555555555
300100110000000000,3,10,0.05555555555555555
500000000000000000,3,17,0.05555555555555555
110011000100000000,3,8,0.05555555555555555
100110000000000001,3,14,0.05555555555555555
100101010000000100,3,11,0.05555555555555555
101000000000000100,3,2,0.05555555555555555
100010100000001000,3,15,0.05555555555555555
300000000000001000,3,15,0.05555555555555555
100010010010000000,3,10,0.05555555555555555
400110000000000000,3,17,0.05555555555555555
300100000001000000,3,4,0.05555555555555555
000110000000000010,3,7,0.05555555555555555
100000010000001000,3,10,0.05555555555555555
000101000100000000,3,5,0.05555555555555555
000110000000000100,3,3,0.05555555555555555
100000000000000011,3,7,0.05555555555555555
100100110100000000,3,6,0.05555555555555555
000010100000000010,3,7,0.05555555555555555
100100010001000010,3,7,0.05555555555555555
000010010000100000,3,13,0.05555555555555555
100000030001000000,3,4,0.05555555555555555
100001011000000000,3,9,0.05555555555555555
000300000000000000,3,17,0.05555555555555555
400100010000000000,3,10,0.05555555555555555
100100030000000000,3,10,0.05555555555555555
400000010000000000,3,10,0.05555555555555555
000001010100000000,3,11,0.05555555555555555
010110100000000000,3,14,0.05555555555555555
100101100000000010,3,7,0.05555555555555555
300100101000000000,3,9,0.05555555555555555
100000100010100000,3,12,0.05555555555555555
000100100000010000,3,17,0.05555555555555555
010100010000000000,3,8,0.05555555555555555
001000000100000000,3,1,0.05555555555555555
011000100000010000,3,1,0.05555555555555555
000011010000000000,3,11,0.05555555555555555
011000000000010000,3,1,0.05555555555555555
300001010000000000,3,11,0.05555555555555555
310000010000000000,3,8,0.05555555555555555
000000100010000100,3,1,0.05555555555555555
110110000100000000,3,5,0.05555555555555555
003000000000010000,3,1,0.05555555555555555
000000110101000000,3,4,0.05555555555555555
100100000101000000,3,5,0.05555555555555555
100100110001000000,3,4,0.05555555555555555
100110100001000000,3,14,0.05555555555555555
100110100100000000,3,6,0.05555555555555555
100000110000100000,3,13,0.05555555555555555
300000100000100000,3,17,0.05555555555555555
100110110000100000,3,10,0.05555555555555555
100110001000000000,3,9,0.05555555555555555
000010001000000000,3,9,0.05555555555555555
110010010000000000,3,8,0.05555555555555555
100110010001000000,3,4,0.05555555555555555
100010010000100000,3,13,0.05555555555555555
100100011000000000,3,9,0.05555555555555555
010000000000000010,3,7,0.05555555555555555
000110100100000000,3,6,0.05555555555555555
100101100100000000,3,6,0.05555555555555555
010000010000000010,3,7,0.05555555555555555
000000100010000001,3,1,0.05555555555555555
110100100001000000,3,4,0.05555555555555555
000000010000100000,3,13,0.05555555555555555
000000000100000001,3,16,0.05555555555555555
100100100101000000,3,5,0.05555555555555555
000011100100000000,3,6,0.05555555555555555
010100000100000000,3,5,0.05555555555555555
000000110010000000,3,10,0.05555555555555555
101000000000100000,3,2,0.05555555555555555
010000000010000000,3,8,0.05555555555555555
