state_code,binary_state,n_cells,pct_all_cells,pct_expressed_cells,cluster_id,nearest_neighbor_hamming
1,100000000000000000,1545,7.352241362900923,11.446140168913914,21,0.05555555555555555
7,000000100000000000,734,3.492909488912154,5.437842643354571,16,0.05555555555555555
4,000100000000000000,685,3.259731607499762,5.074825900133353,3,0.05555555555555555
1_4,100100000000000000,505,2.4031597982297517,3.7412950066676545,21,0.05555555555555555
5,000010000000000000,408,1.9415627676786904,3.022670025188917,17,0.05555555555555555
1_7,100000100000000000,341,1.6227277053392977,2.5263001926211293,16,0.05555555555555555
1_5,100010000000000000,327,1.5561054535071857,2.4225811231293526,17,0.05555555555555555
1_4_7,100100100000000000,269,1.2800989816312933,1.9928878352348496,18,0.05555555555555555
1_8,100000010000000000,221,1.051679832492624,1.63727959697733,19,0.05555555555555555
8,000000010000000000,197,0.9374702579232892,1.4594754778485701,19,0.05555555555555555
1_4_5,100110000000000000,184,0.8756067383648996,1.363164913320492,17,0.05555555555555555
4_7,000100100000000000,176,0.8375368801751214,1.3038968736109053,3,0.05555555555555555
1_6,100001000000000000,175,0.832778147901399,1.296488368647207,21,0.05555555555555555
2,010000000000000000,165,0.7851908251641763,1.2224033190102237,4,0.05555555555555555
1_4_6,100101000000000000,149,0.7090511087846197,1.1038672395910505,21,0.05555555555555555
6,000001000000000000,148,0.7042923765108975,1.0964587346273522,21,0.05555555555555555
11,000000000010000000,139,0.661463786047397,1.0297821899540673,14,0.05555555555555555
14,000000000000010000,120,0.5710478728466737,0.8890205956437991,2,0.05555555555555555
3,001000000000000000,108,0.5139430855620063,0.8001185360794192,2,0.05555555555555555
3_14,001000000000010000,102,0.4853906919196726,0.7556675062972292,2,0.05555555555555555
1_4_8,100100010000000000,99,0.4711144950985058,0.7334419914061342,19,0.05555555555555555
1_5_7,100010100000000000,93,0.4425621014561721,0.6889909616239442,16,0.05555555555555555
4_5,000110000000000000,90,0.4282859046350052,0.6667654467328493,17,0.05555555555555555
4_6,000101000000000000,84,0.39973351099267157,0.6223144169506594,21,0.05555555555555555
13,000000000000100000,84,0.39973351099267157,0.6223144169506594,17,0.05555555555555555
3_7,001000100000000000,79,0.37593984962406013,0.5852718921321677,2,0.05555555555555555
1_4_5_6,100111000000000000,75,0.35690492052917105,0.5556378722773744,17,0.05555555555555555
1_2,110000000000000000,74,0.35214618825544874,0.5482293673136761,4,0.05555555555555555
1_4_5_7,100110100000000000,71,0.3378699914342819,0.5260038524225811,18,0.05555555555555555
1_5_6,100011000000000000,68,0.32359379461311505,0.5037783375314862,17,0.05555555555555555
17,000000000000000010,67,0.3188350623393928,0.4963698325677878,13,0.05555555555555555
18,000000000000000001,64,0.3045588655182259,0.47414431767669285,15,0.05555555555555555
16,000000000000000100,61,0.2902826686970591,0.4519188027855979,1,0.05555555555555555
1_5_8,100010010000000000,60,0.28552393642333684,0.44451029782189955,19,0.05555555555555555
3_7_14,001000100000010000,60,0.28552393642333684,0.44451029782189955,2,0.05555555555555555
1_10,100000000100000000,59,0.28076520414961453,0.4371017928582012,10,0.05555555555555555
10,000000000100000000,58,0.2760064718758923,0.4296932878945029,10,0.05555555555555555
1_2_7,110000100000000000,57,0.27124773960216997,0.42228478293080457,4,0.05555555555555555
1_13,100000000000100000,55,0.2617302750547254,0.4074677730034079,17,0.05555555555555555
2_7,010000100000000000,52,0.24745407823355858,0.38524225811231294,4,0.05555555555555555
5_7,000010100000000000,52,0.24745407823355858,0.38524225811231294,16,0.05555555555555555
1_7_8,100000110000000000,49,0.23317788141239174,0.36301674322121796,19,0.05555555555555555
1_12,100000000001000000,49,0.23317788141239174,0.36301674322121796,8,0.05555555555555555
4_8,000100010000000000,46,0.2189016845912249,0.340791228330123,19,0.05555555555555555
1_11,100000000010000000,44,0.20938422004378035,0.32597421840272633,14,0.05555555555555555
12,000000000001000000,43,0.20462548777005807,0.318565713439028,8,0.05555555555555555
7_14,000000100000010000,42,0.19986675549633579,0.3111572084753297,2,0.05555555555555555
1_4_6_7,100101100000000000,38,0.18083182640144665,0.2815231886205364,17,0.05555555555555555
1_6_7,100001100000000000,37,0.17607309412772437,0.27411468365683805,16,0.05555555555555555
1_17,100000000000000010,37,0.17607309412772437,0.27411468365683805,13,0.05555555555555555
1_2_4_7,110100100000000000,36,0.1713143618540021,0.26670617869313973,3,0.05555555555555555
1_18,100000000000000001,36,0.1713143618540021,0.26670617869313973,15,0.05555555555555555
1_4_5_8,100110010000000000,35,0.1665556295802798,0.2592976737294414,19,0.05555555555555555
5_6,000011000000000000,35,0.1665556295802798,0.2592976737294414,17,0.05555555555555555
1_5_13,100010000000100000,34,0.16179689730655752,0.2518891687657431,17,0.05555555555555555
1_4_12,100100000001000000,34,0.16179689730655752,0.2518891687657431,8,0.05555555555555555
1_4_7_8,100100110000000000,34,0.16179689730655752,0.2518891687657431,19,0.05555555555555555
4_5_7,000110100000000000,32,0.15227943275911296,0.23707215883834643,17,0.05555555555555555
7_11,000000100010000000,32,0.15227943275911296,0.23707215883834643,14,0.05555555555555555
1_4_6_8,100101010000000000,31,0.1475207004853907,0.2296636538746481,21,0.05555555555555555
2_4,010100000000000000,30,0.14276196821166842,0.22225514891094977,3,0.05555555555555555
1_2_4,110100000000000000,30,0.14276196821166842,0.22225514891094977,3,0.05555555555555555
5_8,000010010000000000,29,0.13800323593794614,0.21484664394725145,19,0.05555555555555555
1_4_17,100100000000000010,29,0.13800323593794614,0.21484664394725145,13,0.05555555555555555
7_10,000000100100000000,28,0.13324450366422386,0.20743813898355312,10,0.05555555555555555
9,000000001000000000,28,0.13324450366422386,0.20743813898355312,12,0.05555555555555555
4_17,000100000000000010,27,0.12848577139050157,0.2000296340198548,13,0.05555555555555555
7_8,000000110000000000,27,0.12848577139050157,0.2000296340198548,19,0.05555555555555555
1_8_12,100000010001000000,27,0.12848577139050157,0.2000296340198548,8,0.05555555555555555
15,000000000000001000,26,0.12372703911677929,0.19262112905615647,20,0.05555555555555555
1_2_7_8,110000110000000000,26,0.12372703911677929,0.19262112905615647,3,0.05555555555555555
1_4_13,100100000000100000,25,0.11896830684305701,0.18521262409245814,17,0.05555555555555555
1_7_10,100000100100000000,24,0.11420957456933473,0.17780411912875982,10,0.05555555555555555
6_7,000001100000000000,24,0.11420957456933473,0.17780411912875982,16,0.05555555555555555
4_13,000100000000100000,23,0.10945084229561244,0.1703956141650615,17,0.05555555555555555
4_11,000100000010000000,22,0.10469211002189018,0.16298710920136317,14,0.05555555555555555
7_13,000000100000100000,22,0.10469211002189018,0.16298710920136317,17,0.05555555555555555
3_7_11,001000100010000000,22,0.10469211002189018,0.16298710920136317,2,0.05555555555555555
1_5_10,100010000100000000,22,0.10469211002189018,0.16298710920136317,10,0.05555555555555555
1_7_13,100000100000100000,21,0.09993337774816789,0.15557860423766484,17,0.05555555555555555
1_2_8,110000010000000000,21,0.09993337774816789,0.15557860423766484,3,0.05555555555555555
1_6_8,100001010000000000,21,0.09993337774816789,0.15557860423766484,21,0.05555555555555555
1_4_7_10,100100100100000000,21,0.09993337774816789,0.15557860423766484,10,0.05555555555555555
1_4_10,100100000100000000,20,0.09517464547444561,0.14817009927396652,10,0.05555555555555555
1_16,100000000000000100,20,0.09517464547444561,0.14817009927396652,1,0.05555555555555555
7_16,000000100000000100,19,0.09041591320072333,0.1407615943102682,1,0.05555555555555555
1_3,101000000000000000,19,0.09041591320072333,0.1407615943102682,2,0.05555555555555555
4_10,000100000100000000,19,0.09041591320072333,0.1407615943102682,10,0.05555555555555555
1_9,100000001000000000,19,0.09041591320072333,0.1407615943102682,12,0.05555555555555555
5_13,000010000000100000,19,0.09041591320072333,0.1407615943102682,17,0.05555555555555555
4_5_6,000111000000000000,19,0.09041591320072333,0.1407615943102682,17,0.05555555555555555
1_4_5_13,100110000000100000,18,0.08565718092700104,0.13335308934656986,17,0.05555555555555555
1_5_6_7,100011100000000000,18,0.08565718092700104,0.13335308934656986,16,0.05555555555555555
3_11_14,001000000010010000,18,0.08565718092700104,0.13335308934656986,2,0.05555555555555555
4_6_8,000101010000000000,18,0.08565718092700104,0.13335308934656986,21,0.05555555555555555
1_7_11,100000100010000000,18,0.08565718092700104,0.13335308934656986,14,0.05555555555555555
1_4_5_6_7,100111100000000000,17,0.08089844865327876,0.12594458438287154,16,0.05555555555555555
8_12,000000010001000000,17,0.08089844865327876,0.12594458438287154,8,0.05555555555555555
1_5_6_8,100011010000000000,17,0.08089844865327876,0.12594458438287154,21,0.05555555555555555
1_4_7_13,100100100000100000,17,0.08089844865327876,0.12594458438287154,17,0.05555555555555555
4_7_8,000100110000000000,16,0.07613971637955648,0.11853607941917321,19,0.05555555555555555
4_5_8,000110010000000000,16,0.07613971637955648,0.11853607941917321,19,0.05555555555555555
1_4_5_6_8,100111010000000000,16,0.07613971637955648,0.11853607941917321,21,0.05555555555555555
1_4_11,100100000010000000,15,0.07138098410583421,0.11112757445547489,14,0.05555555555555555
7_18,000000100000000001,15,0.07138098410583421,0.11112757445547489,15,0.05555555555555555
7_17,000000100000000010,15,0.07138098410583421,0.11112757445547489,13,0.05555555555555555
1_4_7_17,100100100000000010,15,0.07138098410583421,0.11112757445547489,13,0.05555555555555555
1_4_7_9,100100101000000000,15,0.07138098410583421,0.11112757445547489,12,0.05555555555555555
1_5_12,100010000001000000,15,0.07138098410583421,0.11112757445547489,7,0.05555555555555555
1_5_7_8,100010110000000000,15,0.07138098410583421,0.11112757445547489,19,0.05555555555555555
1_5_17,100010000000000010,15,0.07138098410583421,0.11112757445547489,13,0.05555555555555555
1_2_5,110010000000000000,15,0.07138098410583421,0.11112757445547489,4,0.05555555555555555
1_2_4_8,110100010000000000,15,0.07138098410583421,0.11112757445547489,3,0.05555555555555555
5_10,000010000100000000,15,0.07138098410583421,0.11112757445547489,10,0.05555555555555555
1_15,100000000000001000,15,0.07138098410583421,0.11112757445547489,20,0.05555555555555555
2_8,010000010000000000,15,0.07138098410583421,0.11112757445547489,3,0.05555555555555555
2_4_7,010100100000000000,15,0.07138098410583421,0.11112757445547489,3,0.05555555555555555
1_2_4_5,110110000000000000,14,0.06662225183211193,0.10371906949177656,6,0.05555555555555555
4_9,000100001000000000,14,0.06662225183211193,0.10371906949177656,12,0.05555555555555555
1_4_18,100100000000000001,14,0.06662225183211193,0.10371906949177656,15,0.05555555555555555
1_6_17,100001000000000010,14,0.06662225183211193,0.10371906949177656,13,0.05555555555555555
3_14_16,001000000000010100,14,0.06662225183211193,0.10371906949177656,1,0.05555555555555555
1_2_7_10,110000100100000000,14,0.06662225183211193,0.10371906949177656,6,0.05555555555555555
4_7_11,000100100010000000,13,0.061863519558389646,0.09631056452807824,14,0.05555555555555555
4_6_7,000101100000000000,13,0.061863519558389646,0.09631056452807824,17,0.05555555555555555
3_7_16,001000100000000100,13,0.061863519558389646,0.09631056452807824,1,0.05555555555555555
3_16,001000000000000100,13,0.061863519558389646,0.09631056452807824,1,0.05555555555555555
2_5,010010000000000000,13,0.061863519558389646,0.09631056452807824,4,0.05555555555555555
1_2_4_6,110101000000000000,13,0.061863519558389646,0.09631056452807824,5,0.05555555555555555
1_6_12,100001000001000000,13,0.061863519558389646,0.09631056452807824,21,0.05555555555555555
1_2_6_7,110001100000000000,13,0.061863519558389646,0.09631056452807824,5,0.05555555555555555
1_7_12,100000100001000000,13,0.061863519558389646,0.09631056452807824,8,0.05555555555555555
1_4_15,100100000000001000,13,0.061863519558389646,0.09631056452807824,20,0.05555555555555555
1_4_7_12,100100100001000000,13,0.061863519558389646,0.09631056452807824,8,0.05555555555555555
11_14,000000000010010000,13,0.061863519558389646,0.09631056452807824,2,0.05555555555555555
4_7_13,000100100000100000,12,0.05710478728466736,0.08890205956437991,17,0.05555555555555555
1_4_6_17,100101000000000010,12,0.05710478728466736,0.08890205956437991,13,0.05555555555555555
3_7_11_14,001000100010010000,12,0.05710478728466736,0.08890205956437991,2,0.05555555555555555
1_2_5_7,110010100000000000,12,0.05710478728466736,0.08890205956437991,6,0.05555555555555555
1_2_6,110001000000000000,12,0.05710478728466736,0.08890205956437991,5,0.05555555555555555
1_5_7_13,100010100000100000,11,0.05234605501094509,0.08149355460068158,17,0.05555555555555555
4_12,000100000001000000,11,0.05234605501094509,0.08149355460068158,8,0.05555555555555555
1_8_10,100000010100000000,11,0.05234605501094509,0.08149355460068158,9,0.05555555555555555
1_2_4_7_8,110100110000000000,11,0.05234605501094509,0.08149355460068158,3,0.05555555555555555
4_18,000100000000000001,11,0.05234605501094509,0.08149355460068158,15,0.05555555555555555
1_4_5_7_8,100110110000000000,11,0.05234605501094509,0.08149355460068158,19,0.05555555555555555
1_4_6_9,100101001000000000,10,0.047587322737222805,0.07408504963698326,12,0.05555555555555555
1_7_9,100000101000000000,10,0.047587322737222805,0.07408504963698326,12,0.05555555555555555
1_4_9,100100001000000000,10,0.047587322737222805,0.07408504963698326,12,0.05555555555555555
1_4_6_7_8,100101110000000000,10,0.047587322737222805,0.07408504963698326,21,0.05555555555555555
1_2_7_9,110000101000000000,10,0.047587322737222805,0.07408504963698326,12,0.05555555555555555
2_4_6,010101000000000000,10,0.047587322737222805,0.07408504963698326,5,0.05555555555555555
1_4_7_11,100100100010000000,10,0.047587322737222805,0.07408504963698326,14,0.05555555555555555
7_12,000000100001000000,9,0.04282859046350052,0.06667654467328493,8,0.05555555555555555
2_7_8,010000110000000000,9,0.04282859046350052,0.06667654467328493,3,0.05555555555555555
7_11_14,000000100010010000,9,0.04282859046350052,0.06667654467328493,2,0.05555555555555555
4_8_17,000100010000000010,9,0.04282859046350052,0.06667654467328493,13,0.05555555555555555
5_17,000010000000000010,9,0.04282859046350052,0.06667654467328493,13,0.05555555555555555
1_2_11,110000000010000000,9,0.04282859046350052,0.06667654467328493,14,0.05555555555555555
4_7_17,000100100000000010,9,0.04282859046350052,0.06667654467328493,13,0.05555555555555555
2_3,011000000000000000,9,0.04282859046350052,0.06667654467328493,4,0.05555555555555555
2_7_10,010000100100000000,9,0.04282859046350052,0.06667654467328493,10,0.05555555555555555
1_5_7_10,100010100100000000,9,0.04282859046350052,0.06667654467328493,10,0.05555555555555555
1_6_13,100001000000100000,9,0.04282859046350052,0.06667654467328493,17,0.05555555555555555
1_4_5_10,100110000100000000,9,0.04282859046350052,0.06667654467328493,10,0.05555555555555555
1_4_8_17,100100010000000010,9,0.04282859046350052,0.06667654467328493,13,0.05555555555555555
1_5_18,100010000000000001,9,0.04282859046350052,0.06667654467328493,15,0.05555555555555555
7_9,000000101000000000,9,0.04282859046350052,0.06667654467328493,16,0.05555555555555555
1_4_6_8_12,100101010001000000,8,0.03806985818977824,0.059268039709586606,8,0.05555555555555555
1_14,100000000000010000,8,0.03806985818977824,0.059268039709586606,2,0.05555555555555555
1_2_10,110000000100000000,8,0.03806985818977824,0.059268039709586606,10,0.05555555555555555
1_5_6_12,100011000001000000,8,0.03806985818977824,0.059268039709586606,7,0.05555555555555555
5_15,000010000000001000,8,0.03806985818977824,0.059268039709586606,20,0.05555555555555555
5_12,000010000001000000,8,0.03806985818977824,0.059268039709586606,7,0.05555555555555555
4_8_12,000100010001000000,8,0.03806985818977824,0.059268039709586606,8,0.05555555555555555
1_4_5_12,100110000001000000,8,0.03806985818977824,0.059268039709586606,7,0.05555555555555555
4_5_13,000110000000100000,8,0.03806985818977824,0.059268039709586606,17,0.05555555555555555
4_16,000100000000000100,8,0.03806985818977824,0.059268039709586606,1,0.05555555555555555
2_12,010000000001000000,8,0.03806985818977824,0.059268039709586606,4,0.05555555555555555
1_8_17,100000010000000010,8,0.03806985818977824,0.059268039709586606,13,0.05555555555555555
2_10,010000000100000000,8,0.03806985818977824,0.059268039709586606,10,0.05555555555555555
1_7_17,100000100000000010,8,0.03806985818977824,0.059268039709586606,13,0.05555555555555555
1_7_15,100000100000001000,8,0.03806985818977824,0.059268039709586606,20,0.05555555555555555
1_6_10,100001000100000000,8,0.03806985818977824,0.059268039709586606,21,0.05555555555555555
1_6_7_8,100001110000000000,8,0.03806985818977824,0.059268039709586606,21,0.05555555555555555
1_4_5_6_12,100111000001000000,8,0.03806985818977824,0.059268039709586606,7,0.05555555555555555
1_6_8_12,100001010001000000,8,0.03806985818977824,0.059268039709586606,8,0.05555555555555555
1_3_7,101000100000000000,8,0.03806985818977824,0.059268039709586606,2,0.05555555555555555
1_5_8_10,100010010100000000,8,0.03806985818977824,0.059268039709586606,9,0.05555555555555555
1_2_8_12,110000010001000000,8,0.03806985818977824,0.059268039709586606,8,0.05555555555555555
1_2_9,110000001000000000,8,0.03806985818977824,0.059268039709586606,12,0.05555555555555555
1_4_8_13,100100010000100000,8,0.03806985818977824,0.059268039709586606,19,0.05555555555555555
1_2_5_6_8,110011010000000000,8,0.03806985818977824,0.059268039709586606,5,0.05555555555555555
6_8,000001010000000000,8,0.03806985818977824,0.059268039709586606,21,0.05555555555555555
6_13,000001000000100000,8,0.03806985818977824,0.059268039709586606,17,0.05555555555555555
6_12,000001000001000000,8,0.03806985818977824,0.059268039709586606,21,0.05555555555555555
8_11,000000010010000000,8,0.03806985818977824,0.059268039709586606,14,0.05555555555555555
1_2_7_8_10,110000110100000000,8,0.03806985818977824,0.059268039709586606,6,0.05555555555555555
1_2_7_8_9,110000111000000000,7,0.033311125916055964,0.05185953474588828,12,0.05555555555555555
1_4_8_10,100100010100000000,7,0.033311125916055964,0.05185953474588828,9,0.05555555555555555
1_6_9,100001001000000000,7,0.033311125916055964,0.05185953474588828,12,0.05555555555555555
2_4_7_8,010100110000000000,7,0.033311125916055964,0.05185953474588828,3,0.05555555555555555
1_4_8_11,100100010010000000,7,0.033311125916055964,0.05185953474588828,14,0.05555555555555555
1_2_4_5_7,110110100000000000,7,0.033311125916055964,0.05185953474588828,6,0.05555555555555555
1_6_11,100001000010000000,7,0.033311125916055964,0.05185953474588828,14,0.05555555555555555
1_4_6_7_13,100101100000100000,7,0.033311125916055964,0.05185953474588828,17,0.05555555555555555
1_2_4_7_12,110100100001000000,7,0.033311125916055964,0.05185953474588828,8,0.05555555555555555
1_4_5_6_8_12,100111010001000000,7,0.033311125916055964,0.05185953474588828,7,0.05555555555555555
1_4_5_15,100110000000001000,7,0.033311125916055964,0.05185953474588828,20,0.05555555555555555
5_16,000010000000000100,7,0.033311125916055964,0.05185953474588828,1,0.05555555555555555
5_7_13,000010100000100000,7,0.033311125916055964,0.05185953474588828,17,0.05555555555555555
11_17,000000000010000010,7,0.033311125916055964,0.05185953474588828,13,0.05555555555555555
1_5_16,100010000000000100,7,0.033311125916055964,0.05185953474588828,1,0.05555555555555555
1_5_15,100010000000001000,7,0.033311125916055964,0.05185953474588828,20,0.05555555555555555
4_6_17,000101000000000010,7,0.033311125916055964,0.05185953474588828,13,0.05555555555555555
4_8_11,000100010010000000,7,0.033311125916055964,0.05185953474588828,14,0.05555555555555555
1_4_5_8_17,100110010000000010,7,0.033311125916055964,0.05185953474588828,13,0.05555555555555555
14_16,000000000000010100,7,0.033311125916055964,0.05185953474588828,1,0.05555555555555555
1_10_12,100000000101000000,7,0.033311125916055964,0.05185953474588828,9,0.05555555555555555
3_11,001000000010000000,7,0.033311125916055964,0.05185953474588828,2,0.05555555555555555
6_10,000001000100000000,7,0.033311125916055964,0.05185953474588828,21,0.05555555555555555
3_11_14_16,001000000010010100,7,0.033311125916055964,0.05185953474588828,1,0.05555555555555555
1_8_18,100000010000000001,7,0.033311125916055964,0.05185953474588828,15,0.05555555555555555
4_5_10,000110000100000000,7,0.033311125916055964,0.05185953474588828,10,0.05555555555555555
8_18,000000010000000001,7,0.033311125916055964,0.05185953474588828,15,0.05555555555555555
1_2_6_8,110001010000000000,7,0.033311125916055964,0.05185953474588828,5,0.05555555555555555
1_4_6_11,100101000010000000,6,0.02855239364233368,0.044451029782189955,14,0.05555555555555555
13_17,000000000000100010,6,0.02855239364233368,0.044451029782189955,13,0.05555555555555555
5_18,000010000000000001,6,0.02855239364233368,0.044451029782189955,15,0.05555555555555555
1_4_7_15,100100100000001000,6,0.02855239364233368,0.044451029782189955,20,0.05555555555555555
5_7_10,000010100100000000,6,0.02855239364233368,0.044451029782189955,10,0.05555555555555555
1_4_6_10,100101000100000000,6,0.02855239364233368,0.044451029782189955,21,0.05555555555555555
1_8_13,100000010000100000,6,0.02855239364233368,0.044451029782189955,19,0.05555555555555555
6_17,000001000000000010,6,0.02855239364233368,0.044451029782189955,13,0.05555555555555555
1_2_5_7_8,110010110000000000,6,0.02855239364233368,0.044451029782189955,6,0.05555555555555555
4_15,000100000000001000,6,0.02855239364233368,0.044451029782189955,20,0.05555555555555555
4_5_6_13,000111000000100000,6,0.02855239364233368,0.044451029782189955,17,0.05555555555555555
1_7_18,100000100000000001,6,0.02855239364233368,0.044451029782189955,15,0.05555555555555555
1_7_8_10,100000110100000000,6,0.02855239364233368,0.044451029782189955,9,0.05555555555555555
1_8_11,100000010010000000,6,0.02855239364233368,0.044451029782189955,14,0.05555555555555555
3_7_14_16,001000100000010100,6,0.02855239364233368,0.044451029782189955,1,0.05555555555555555
1_2_5_8,110010010000000000,6,0.02855239364233368,0.044451029782189955,5,0.05555555555555555
1_5_6_7_13,100011100000100000,6,0.02855239364233368,0.044451029782189955,17,0.05555555555555555
1_5_7_10_13,100010100100100000,6,0.02855239364233368,0.044451029782189955,10,0.05555555555555555
1_6_15,100001000000001000,6,0.02855239364233368,0.044451029782189955,20,0.05555555555555555
1_4_5_7_12,100110100001000000,6,0.02855239364233368,0.044451029782189955,7,0.05555555555555555
1_5_6_17,100011000000000010,6,0.02855239364233368,0.044451029782189955,13,0.05555555555555555
1_2_4_5_8,110110010000000000,6,0.02855239364233368,0.044451029782189955,5,0.05555555555555555
1_4_8_12,100100010001000000,6,0.02855239364233368,0.044451029782189955,8,0.05555555555555555
1_5_8_12,100010010001000000,6,0.02855239364233368,0.044451029782189955,7,0.05555555555555555
2_6,010001000000000000,6,0.02855239364233368,0.044451029782189955,5,0.05555555555555555
1_2_5_6,110011000000000000,6,0.02855239364233368,0.044451029782189955,5,0.05555555555555555
1_4_16,100100000000000100,6,0.02855239364233368,0.044451029782189955,18,0.05555555555555555
8_9,000000011000000000,6,0.02855239364233368,0.044451029782189955,12,0.05555555555555555
5_11,000010000010000000,6,0.02855239364233368,0.044451029782189955,14,0.05555555555555555
4_7_9,000100101000000000,5,0.023793661368611402,0.03704252481849163,12,0.05555555555555555
1_5_7_15,100010100000001000,5,0.023793661368611402,0.03704252481849163,20,0.05555555555555555
1_5_7_11,100010100010000000,5,0.023793661368611402,0.03704252481849163,14,0.05555555555555555
6_11,000001000010000000,5,0.023793661368611402,0.03704252481849163,14,0.05555555555555555
7_8_12,000000110001000000,5,0.023793661368611402,0.03704252481849163,8,0.05555555555555555
2_5_7,010010100000000000,5,0.023793661368611402,0.03704252481849163,6,0.05555555555555555
1_2_7_12,110000100001000000,5,0.023793661368611402,0.03704252481849163,8,0.05555555555555555
7_10_12,000000100101000000,5,0.023793661368611402,0.03704252481849163,10,0.05555555555555555
3_7_11_16,001000100010000100,5,0.023793661368611402,0.03704252481849163,1,0.05555555555555555
1_8_9,100000011000000000,5,0.023793661368611402,0.03704252481849163,12,0.05555555555555555
1_8_10_12,100000010101000000,5,0.023793661368611402,0.03704252481849163,9,0.05555555555555555
4_5_12,000110000001000000,5,0.023793661368611402,0.03704252481849163,7,0.05555555555555555
1_2_6_7_8,110001110000000000,5,0.023793661368611402,0.03704252481849163,5,0.05555555555555555
1_6_10_12,100001000101000000,5,0.023793661368611402,0.03704252481849163,21,0.05555555555555555
1_7_11_13,100000100010100000,5,0.023793661368611402,0.03704252481849163,14,0.05555555555555555
1_4_5_7_13,100110100000100000,5,0.023793661368611402,0.03704252481849163,17,0.05555555555555555
1_4_5_7_10,100110100100000000,5,0.023793661368611402,0.03704252481849163,10,0.05555555555555555
1_10_13,100000000100100000,5,0.023793661368611402,0.03704252481849163,10,0.05555555555555555
1_13_17,100000000000100010,5,0.023793661368611402,0.03704252481849163,13,0.05555555555555555
1_4_6_15,100101000000001000,5,0.023793661368611402,0.03704252481849163,20,0.05555555555555555
1_13_18,100000000000100001,5,0.023793661368611402,0.03704252481849163,15,0.05555555555555555
14_17,000000000000010010,5,0.023793661368611402,0.03704252481849163,13,0.05555555555555555
1_4_6_13,100101000000100000,5,0.023793661368611402,0.03704252481849163,17,0.05555555555555555
1_4_6_12,100101000001000000,5,0.023793661368611402,0.03704252481849163,21,0.05555555555555555
1_2_12,110000000001000000,5,0.023793661368611402,0.03704252481849163,4,0.05555555555555555
1_5_6_10,100011000100000000,5,0.023793661368611402,0.03704252481849163,21,0.05555555555555555
4_7_18,000100100000000001,5,0.023793661368611402,0.03704252481849163,15,0.05555555555555555
5_6_7,000011100000000000,5,0.023793661368611402,0.03704252481849163,16,0.05555555555555555
1_4_7_18,100100100000000001,5,0.023793661368611402,0.03704252481849163,15,0.05555555555555555
1_5_9,100010001000000000,5,0.023793661368611402,0.03704252481849163,12,0.05555555555555555
1_3_7_14,101000100000010000,5,0.023793661368611402,0.03704252481849163,2,0.05555555555555555
1_4_5_6_13,100111000000100000,5,0.023793661368611402,0.03704252481849163,17,0.05555555555555555
1_6_7_8_10,100001110100000000,5,0.023793661368611402,0.03704252481849163,9,0.05555555555555555
1_4_5_6_15,100111000000001000,5,0.023793661368611402,0.03704252481849163,20,0.05555555555555555
4_5_7_13,000110100000100000,5,0.023793661368611402,0.03704252481849163,17,0.05555555555555555
1_2_4_7_10,110100100100000000,5,0.023793661368611402,0.03704252481849163,6,0.05555555555555555
4_6_7_13,000101100000100000,4,0.01903492909488912,0.029634019854793303,17,0.05555555555555555
1_4_5_17,100110000000000010,4,0.01903492909488912,0.029634019854793303,13,0.05555555555555555
1_4_7_8_12,100100110001000000,4,0.01903492909488912,0.029634019854793303,8,0.05555555555555555
1_4_7_16,100100100000000100,4,0.01903492909488912,0.029634019854793303,18,0.05555555555555555
1_4_7_10_12,100100100101000000,4,0.01903492909488912,0.029634019854793303,8,0.05555555555555555
5_6_13,000011000000100000,4,0.01903492909488912,0.029634019854793303,17,0.05555555555555555
13_18,000000000000100001,4,0.01903492909488912,0.029634019854793303,15,0.05555555555555555
11_13,000000000010100000,4,0.01903492909488912,0.029634019854793303,14,0.05555555555555555
7_15,000000100000001000,4,0.01903492909488912,0.029634019854793303,20,0.05555555555555555
10_14,000000000100010000,4,0.01903492909488912,0.029634019854793303,2,0.05555555555555555
1_4_6_16,100101000000000100,4,0.01903492909488912,0.029634019854793303,21,0.05555555555555555
1_13_15,100000000000101000,4,0.01903492909488912,0.029634019854793303,17,0.05555555555555555
10_13,000000000100100000,4,0.01903492909488912,0.029634019854793303,10,0.05555555555555555
1_5_11,100010000010000000,4,0.01903492909488912,0.029634019854793303,14,0.05555555555555555
1_5_13_17,100010000000100010,4,0.01903492909488912,0.029634019854793303,13,0.05555555555555555
4_6_11,000101000010000000,4,0.01903492909488912,0.029634019854793303,14,0.05555555555555555
1_5_8_10_12,100010010101000000,4,0.01903492909488912,0.029634019854793303,9,0.05555555555555555
1_4_8_12_17,100100010001000010,4,0.01903492909488912,0.029634019854793303,13,0.05555555555555555
1_4_8_15,100100010000001000,4,0.01903492909488912,0.029634019854793303,20,0.05555555555555555
1_5_10_13,100010000100100000,4,0.01903492909488912,0.029634019854793303,10,0.05555555555555555
1_2_8_10,110000010100000000,4,0.01903492909488912,0.029634019854793303,9,0.05555555555555555
1_5_8_11,100010010010000000,4,0.01903492909488912,0.029634019854793303,14,0.05555555555555555
1_5_7_12,100010100001000000,4,0.01903492909488912,0.029634019854793303,7,0.05555555555555555
1_5_7_9,100010101000000000,4,0.01903492909488912,0.029634019854793303,12,0.05555555555555555
1_5_7_17,100010100000000010,4,0.01903492909488912,0.029634019854793303,13,0.05555555555555555
1_3_14_16,101000000000010100,4,0.01903492909488912,0.029634019854793303,1,0.05555555555555555
1_4_10_12,100100000101000000,4,0.01903492909488912,0.029634019854793303,8,0.05555555555555555
1_3_14,101000000000010000,4,0.01903492909488912,0.029634019854793303,2,0.05555555555555555
4_5_7_8,000110110000000000,4,0.01903492909488912,0.029634019854793303,19,0.05555555555555555
4_5_6_8,000111010000000000,4,0.01903492909488912,0.029634019854793303,21,0.05555555555555555
1_4_5_7_11,100110100010000000,4,0.01903492909488912,0.029634019854793303,14,0.05555555555555555
1_4_5_7_16,100110100000000100,4,0.01903492909488912,0.029634019854793303,18,0.05555555555555555
1_4_6_7_10,100101100100000000,4,0.01903492909488912,0.029634019854793303,9,0.05555555555555555
1_6_8_13,100001010000100000,4,0.01903492909488912,0.029634019854793303,17,0.05555555555555555
1_6_8_9,100001011000000000,4,0.01903492909488912,0.029634019854793303,12,0.05555555555555555
1_2_4_6_7,110101100000000000,4,0.01903492909488912,0.029634019854793303,5,0.05555555555555555
1_6_18,100001000000000001,4,0.01903492909488912,0.029634019854793303,21,0.05555555555555555
1_4_5_6_17,100111000000000010,4,0.01903492909488912,0.029634019854793303,13,0.05555555555555555
1_2_4_5_7_8,110110110000000000,4,0.01903492909488912,0.029634019854793303,6,0.05555555555555555
1_5_6_13,100011000000100000,4,0.01903492909488912,0.029634019854793303,17,0.05555555555555555
1_5_9_17,100010001000000010,4,0.01903492909488912,0.029634019854793303,12,0.05555555555555555
4_5_11,000110000010000000,4,0.01903492909488912,0.029634019854793303,14,0.05555555555555555
4_5_6_7,000111100000000000,4,0.01903492909488912,0.029634019854793303,16,0.05555555555555555
1_2_6_10,110001000100000000,4,0.01903492909488912,0.029634019854793303,5,0.05555555555555555
1_2_5_7_13,110010100000100000,4,0.01903492909488912,0.029634019854793303,17,0.05555555555555555
1_8_15,100000010000001000,4,0.01903492909488912,0.029634019854793303,20,0.05555555555555555
1_7_8_12,100000110001000000,4,0.01903492909488912,0.029634019854793303,8,0.05555555555555555
1_7_8_13,100000110000100000,4,0.01903492909488912,0.029634019854793303,19,0.05555555555555555
2_14,010000000000010000,4,0.01903492909488912,0.029634019854793303,4,0.05555555555555555
4_14,000100000000010000,4,0.01903492909488912,0.029634019854793303,2,0.05555555555555555
3_7_17,001000100000000010,4,0.01903492909488912,0.029634019854793303,2,0.05555555555555555
2_7_14,010000100000010000,4,0.01903492909488912,0.029634019854793303,4,0.05555555555555555
2_6_7,010001100000000000,4,0.01903492909488912,0.029634019854793303,16,0.05555555555555555
7_11_16,000000100010000100,4,0.01903492909488912,0.029634019854793303,1,0.05555555555555555
1_2_4_7_9,110100101000000000,4,0.01903492909488912,0.029634019854793303,12,0.05555555555555555
2_3_7,011000100000000000,4,0.01903492909488912,0.029634019854793303,4,0.05555555555555555
1_2_4_5_6,110111000000000000,4,0.01903492909488912,0.029634019854793303,5,0.05555555555555555
5_7_8,000010110000000000,4,0.01903492909488912,0.029634019854793303,19,0.05555555555555555
5_7_9,000010101000000000,4,0.01903492909488912,0.029634019854793303,16,0.05555555555555555
8_16,000000010000000100,4,0.01903492909488912,0.029634019854793303,1,0.05555555555555555
8_17,000000010000000010,4,0.01903492909488912,0.029634019854793303,13,0.05555555555555555
7_8_11,000000110010000000,3,0.01427619682116684,0.022225514891094977,14,0.05555555555555555
8_13,000000010000100000,3,0.01427619682116684,0.022225514891094977,19,0.05555555555555555
5_9,000010001000000000,3,0.01427619682116684,0.022225514891094977,12,0.05555555555555555
6_18,000001000000000001,3,0.01427619682116684,0.022225514891094977,21,0.05555555555555555
1_2_4_5_6_7,110111100000000000,3,0.01427619682116684,0.022225514891094977,6,0.05555555555555555
1_2_4_5_6_7_10,110111100100000000,3,0.01427619682116684,0.022225514891094977,6,0.05555555555555555
1_2_4_5_6_7_8,110111110000000000,3,0.01427619682116684,0.022225514891094977,6,0.05555555555555555
5_7_17,000010100000000010,3,0.01427619682116684,0.022225514891094977,13,0.05555555555555555
5_7_18,000010100000000001,3,0.01427619682116684,0.022225514891094977,15,0.05555555555555555
5_8_13,000010010000100000,3,0.01427619682116684,0.022225514891094977,19,0.05555555555555555
6_8_10,000001010100000000,3,0.01427619682116684,0.022225514891094977,21,0.05555555555555555
6_9,000001001000000000,3,0.01427619682116684,0.022225514891094977,12,0.05555555555555555
10_18,000000000100000001,3,0.01427619682116684,0.022225514891094977,15,0.05555555555555555
7_11_18,000000100010000001,3,0.01427619682116684,0.022225514891094977,15,0.05555555555555555
7_8_10_12,000000110101000000,3,0.01427619682116684,0.022225514891094977,10,0.05555555555555555
1_2_4_7_8_12,110100110001000000,3,0.01427619682116684,0.022225514891094977,8,0.05555555555555555
1_2_4_7_8_16,110100110000000100,3,0.01427619682116684,0.022225514891094977,3,0.05555555555555555
1_2_4_7_8_9_10,110100111100000000,3,0.01427619682116684,0.022225514891094977,11,0.05555555555555555
1_2_4_7_9_10,110100101100000000,3,0.01427619682116684,0.022225514891094977,11,0.05555555555555555
1_2_5_12,110010000001000000,3,0.01427619682116684,0.022225514891094977,4,0.05555555555555555
1_2_5_18,110010000000000001,3,0.01427619682116684,0.022225514891094977,4,0.05555555555555555
1_2_5_6_10,110011000100000000,3,0.01427619682116684,0.022225514891094977,5,0.05555555555555555
1_2_5_7_10,110010100100000000,3,0.01427619682116684,0.022225514891094977,6,0.05555555555555555
1_2_5_7_10_11,110010100110000000,3,0.01427619682116684,0.022225514891094977,6,0.05555555555555555
1_2_5_7_12,110010100001000000,3,0.01427619682116684,0.022225514891094977,7,0.05555555555555555
2_16,010000000000000100,3,0.01427619682116684,0.022225514891094977,1,0.05555555555555555
2_17,010000000000000010,3,0.01427619682116684,0.022225514891094977,4,0.05555555555555555
2_3_14,011000000000010000,3,0.01427619682116684,0.022225514891094977,4,0.05555555555555555
2_3_7_14,011000100000010000,3,0.01427619682116684,0.022225514891094977,4,0.05555555555555555
2_4_10,010100000100000000,3,0.01427619682116684,0.022225514891094977,10,0.05555555555555555
2_4_5_7,010110100000000000,3,0.01427619682116684,0.022225514891094977,6,0.05555555555555555
2_4_7_8_12,010100110001000000,3,0.01427619682116684,0.022225514891094977,3,0.05555555555555555
2_4_8,010100010000000000,3,0.01427619682116684,0.022225514891094977,3,0.05555555555555555
2_8_17,010000010000000010,3,0.01427619682116684,0.022225514891094977,4,0.05555555555555555
3_10,001000000100000000,3,0.01427619682116684,0.022225514891094977,10,0.05555555555555555
1_2_7_13,110000100000100000,3,0.01427619682116684,0.022225514891094977,17,0.05555555555555555
1_7_9_10,100000101100000000,3,0.01427619682116684,0.022225514891094977,12,0.05555555555555555
2_11,010000000010000000,3,0.01427619682116684,0.022225514891094977,14,0.05555555555555555
1_7_13_17,100000100000100010,3,0.01427619682116684,0.022225514891094977,13,0.05555555555555555
1_7_13_18,100000100000100001,3,0.01427619682116684,0.022225514891094977,15,0.05555555555555555
1_7_8_18,100000110000000001,3,0.01427619682116684,0.022225514891094977,15,0.05555555555555555
1_2_5_7_8_10_12,110010110101000000,3,0.01427619682116684,0.022225514891094977,6,0.1111111111111111
1_2_5_7_8_18,110010110000000001,3,0.01427619682116684,0.022225514891094977,6,0.05555555555555555
4_5_15,000110000000001000,3,0.01427619682116684,0.022225514891094977,20,0.05555555555555555
4_5_16,000110000000000100,3,0.01427619682116684,0.022225514891094977,1,0.05555555555555555
4_5_17,000110000000000010,3,0.01427619682116684,0.022225514891094977,13,0.05555555555555555
1_2_4_5_6_7_8_10,110111110100000000,3,0.01427619682116684,0.022225514891094977,6,0.05555555555555555
1_4_5_6_9,100111001000000000,3,0.01427619682116684,0.022225514891094977,12,0.05555555555555555
1_4_6_7_12,100101100001000000,3,0.01427619682116684,0.022225514891094977,8,0.05555555555555555
1_7_10_13,100000100100100000,3,0.01427619682116684,0.022225514891094977,10,0.05555555555555555
1_6_7_10,100001100100000000,3,0.01427619682116684,0.022225514891094977,9,0.05555555555555555
1_6_7_13,100001100000100000,3,0.01427619682116684,0.022225514891094977,17,0.05555555555555555
1_6_7_15,100001100000001000,3,0.01427619682116684,0.022225514891094977,20,0.05555555555555555
1_6_7_17,100001100000000010,3,0.01427619682116684,0.022225514891094977,13,0.05555555555555555
1_6_7_18,100001100000000001,3,0.01427619682116684,0.022225514891094977,15,0.05555555555555555
1_2_4_5_6_8,110111010000000000,3,0.01427619682116684,0.022225514891094977,5,0.05555555555555555
1_2_4_5_7_10,110110100100000000,3,0.01427619682116684,0.022225514891094977,6,0.05555555555555555
1_2_4_6_10,110101000100000000,3,0.01427619682116684,0.022225514891094977,5,0.05555555555555555
1_2_4_6_7_12,110101100001000000,3,0.01427619682116684,0.022225514891094977,8,0.05555555555555555
1_2_4_6_7_8,110101110000000000,3,0.01427619682116684,0.022225514891094977,5,0.05555555555555555
1_2_4_7_8_11,110100110010000000,3,0.01427619682116684,0.022225514891094977,14,0.05555555555555555
4_5_7_10,000110100100000000,3,0.01427619682116684,0.022225514891094977,10,0.05555555555555555
4_6_10,000101000100000000,3,0.01427619682116684,0.022225514891094977,21,0.05555555555555555
1_3_13,101000000000100000,3,0.01427619682116684,0.022225514891094977,17,0.05555555555555555
1_3_16,101000000000000100,3,0.01427619682116684,0.022225514891094977,1,0.05555555555555555
1_5_8_13,100010010000100000,3,0.01427619682116684,0.022225514891094977,19,0.05555555555555555
1_5_6_15,100011000000001000,3,0.01427619682116684,0.022225514891094977,20,0.05555555555555555
1_5_6_7_8_10,100011110100000000,3,0.01427619682116684,0.022225514891094977,9,0.05555555555555555
1_5_6_9,100011001000000000,3,0.01427619682116684,0.022225514891094977,12,0.05555555555555555
1_5_7_18,100010100000000001,3,0.01427619682116684,0.022225514891094977,15,0.05555555555555555
1_5_7_8_10,100010110100000000,3,0.01427619682116684,0.022225514891094977,9,0.05555555555555555
1_4_8_9,100100011000000000,3,0.01427619682116684,0.022225514891094977,12,0.05555555555555555
1_5_12_15,100010000001001000,3,0.01427619682116684,0.022225514891094977,7,0.05555555555555555
1_5_17_18,100010000000000011,3,0.01427619682116684,0.022225514891094977,15,0.05555555555555555
4_6_12,000101000001000000,3,0.01427619682116684,0.022225514891094977,21,0.05555555555555555
4_6_15,000101000000001000,3,0.01427619682116684,0.022225514891094977,20,0.05555555555555555
4_6_18,000101000000000001,3,0.01427619682116684,0.022225514891094977,21,0.05555555555555555
4_7_12,000100100001000000,3,0.01427619682116684,0.022225514891094977,8,0.05555555555555555
4_7_14,000100100000010000,3,0.01427619682116684,0.022225514891094977,2,0.05555555555555555
1_4_7_14,100100100000010000,3,0.01427619682116684,0.022225514891094977,2,0.05555555555555555
1_4_7_8_10,100100110100000000,3,0.01427619682116684,0.022225514891094977,9,0.05555555555555555
1_4_7_8_11,100100110010000000,3,0.01427619682116684,0.022225514891094977,14,0.05555555555555555
1_4_5_11,100110000010000000,3,0.01427619682116684,0.022225514891094977,14,0.05555555555555555
1_4_5_14_16,100110000000010100,3,0.01427619682116684,0.022225514891094977,18,0.1111111111111111
1_4_5_18,100110000000000001,3,0.01427619682116684,0.022225514891094977,15,0.05555555555555555
1_4_7_8_17,100100110000000010,3,0.01427619682116684,0.022225514891094977,13,0.05555555555555555
5_6_11,000011000010000000,3,0.01427619682116684,0.022225514891094977,14,0.05555555555555555
5_6_7_10,000011100100000000,3,0.01427619682116684,0.022225514891094977,10,0.05555555555555555
5_6_7_13,000011100000100000,3,0.01427619682116684,0.022225514891094977,17,0.05555555555555555
5_6_8,000011010000000000,3,0.01427619682116684,0.022225514891094977,21,0.05555555555555555
5_7_12,000010100001000000,3,0.01427619682116684,0.022225514891094977,7,0.05555555555555555
1_4_5_7_8_13,100110110000100000,3,0.01427619682116684,0.022225514891094977,19,0.05555555555555555
1_4_5_7_9,100110101000000000,3,0.01427619682116684,0.022225514891094977,12,0.05555555555555555
1_4_5_8_12,100110010001000000,3,0.01427619682116684,0.022225514891094977,7,0.05555555555555555
1_4_5_8_12_17,100110010001000010,3,0.01427619682116684,0.022225514891094977,13,0.05555555555555555
1_11_13,100000000010100000,3,0.01427619682116684,0.022225514891094977,14,0.05555555555555555
1_12_17,100000000001000010,3,0.01427619682116684,0.022225514891094977,13,0.05555555555555555
1_4_6_7_17,100101100000000010,3,0.01427619682116684,0.022225514891094977,13,0.05555555555555555
1_4_6_7_18,100101100000000001,3,0.01427619682116684,0.022225514891094977,15,0.05555555555555555
1_4_6_7_8_10,100101110100000000,3,0.01427619682116684,0.022225514891094977,9,0.05555555555555555
1_4_6_7_9,100101101000000000,3,0.01427619682116684,0.022225514891094977,12,0.05555555555555555
1_4_6_8_16,100101010000000100,3,0.01427619682116684,0.022225514891094977,21,0.05555555555555555
1_4_6_8_17,100101010000000010,3,0.01427619682116684,0.022225514891094977,13,0.05555555555555555
1_4_6_8_9_12,100101011001000000,3,0.01427619682116684,0.022225514891094977,8,0.05555555555555555
1_4_6_9_17,100101001000000010,3,0.01427619682116684,0.022225514891094977,13,0.05555555555555555
1_4_5_8_13,100110010000100000,3,0.01427619682116684,0.022225514891094977,19,0.05555555555555555
1_4_5_8_16,100110010000000100,3,0.01427619682116684,0.022225514891094977,18,0.05555555555555555
1_4_5_9,100110001000000000,3,0.01427619682116684,0.022225514891094977,12,0.05555555555555555
1_17_18,100000000000000011,3,0.01427619682116684,0.022225514891094977,15,0.05555555555555555
1_2_17,110000000000000010,3,0.01427619682116684,0.022225514891094977,4,0.05555555555555555
1_2_4_5_10,110110000100000000,3,0.01427619682116684,0.022225514891094977,6,0.05555555555555555
1_2_4_5_12,110110000001000000,3,0.01427619682116684,0.022225514891094977,7,0.05555555555555555
7_14_16,000000100000010100,3,0.01427619682116684,0.022225514891094977,1,0.05555555555555555
7_14_17,000000100000010010,3,0.01427619682116684,0.022225514891094977,13,0.05555555555555555
14_18,000000000000010001,3,0.01427619682116684,0.022225514891094977,2,0.05555555555555555
