source_name,image_name,dextran_channel,num_timepoints,dextran_channel_index,image_shape,final_gel_intensity,final_vascular_intensity,initial_gel_intensity,initial_vascular_intensity,vascular_volume_um3,vasculature_volume_fraction,gel_volume_um3,vasculature_surface_area_um2,bleaching_coefficient,time_separation_s,p_um/s,p_cm/s,Intensity increase,intensity(t0),intensity(t1),intensity(t2)
20260309_stcolab_d5_vess_only_dcaatto488_txred594_albumin680,DCA_ALB_TexasREd_dev1/P 1,,,,,,,,,,,,,,,,,,,,
20260309_stcolab_d5_vess_only_dcaatto488_txred594_albumin680,DCA_ALB_TexasREd_dev1/P 2,,,,,,,,,,,,,,,,,,,,
20260309_stcolab_d5_vess_only_dcaatto488_txred594_albumin680,DCA_ALB_TexasREd_dev1/P 3,,,,,,,,,,,,,,,,,,,,
20260309_stcolab_d5_vess_only_dcaatto488_txred594_albumin680,DCA_ALB_TexasREd_dev2/P 1,Channel 3,3.0,3.0,"(3, 61, 512, 512)",11387016.0,20528755.0,4362492.0,20776170.0,62178936.43105313,0.15034271354105935,351402373.673954,13980263.9408012,1.0120521190885663,360.0,0.030464971385716945,3.0464971385716947e-06,True,20776170.0,14453433.0,20528755.0
20260309_stcolab_d5_vess_only_dcaatto488_txred594_albumin680,DCA_ALB_TexasREd_dev2/P 1,Channel 0,3.0,0.0,"(3, 61, 512, 512)",3260314.0,5005571.0,3178245.0,5604344.0,62178936.43105313,0.15034271354105935,351402373.673954,13980263.9408012,1.1196213179275651,360.0,0.013585843116687901,1.35858431166879e-06,False,5604344.0,5277519.0,5005571.0
20260309_stcolab_d5_vess_only_dcaatto488_txred594_albumin680,DCA_ALB_TexasREd_dev2/P 1,Channel1,3.0,1.0,"(3, 61, 512, 512)",7091731.0,17711280.0,5026433.0,20654444.0,62178936.43105313,0.15034271354105935,351402373.673954,13980263.9408012,1.1661745509076702,360.0,0.014492131141516965,1.4492131141516966e-06,False,20654444.0,18704888.0,17711280.0
20260309_stcolab_d5_vess_only_dcaatto488_txred594_albumin680,DCA_ALB_TexasREd_dev2/P 2,Channel 3,3.0,3.0,"(3, 50, 512, 512)",9189366.0,14710463.0,6965223.0,23267464.0,47337324.06808593,0.13942957791415128,292169721.5405021,11368072.887169737,1.5816948793521999,360.0,0.033148861547193945,3.3148861547193946e-06,True,23267464.0,26144008.0,14710463.0
20260309_stcolab_d5_vess_only_dcaatto488_txred594_albumin680,DCA_ALB_TexasREd_dev2/P 2,Channel 0,3.0,0.0,"(3, 50, 512, 512)",4215316.0,5939713.0,3710535.0,6378794.0,47337324.06808593,0.13942957791415128,292169721.5405021,11368072.887169737,1.0739229319665782,360.0,0.02184315126916209,2.1843151269162093e-06,False,6378794.0,5941033.0,5939713.0
20260309_stcolab_d5_vess_only_dcaatto488_txred594_albumin680,DCA_ALB_TexasREd_dev2/P 2,Channel1,3.0,1.0,"(3, 50, 512, 512)",8261076.0,20438377.0,6211485.0,23361628.0,47337324.06808593,0.13942957791415128,292169721.5405021,11368072.887169737,1.1430275505731204,360.0,0.013450411212084106,1.3450411212084106e-06,False,23361628.0,21886899.0,20438377.0
20260309_stcolab_d5_vess_only_dcaatto488_txred594_albumin680,DCA_ALB_TexasREd_dev2/P 3,Channel 3,3.0,3.0,"(3, 61, 512, 512)",17401359.0,22767014.0,4312529.0,16708437.0,74545898.8664597,0.18024484435124183,339035411.23854744,18654101.25427139,0.7338879398062478,360.0,0.034447971422420474,3.4447971422420478e-06,True,16708437.0,16215653.0,22767014.0
20260309_stcolab_d5_vess_only_dcaatto488_txred594_albumin680,DCA_ALB_TexasREd_dev2/P 3,Channel 0,3.0,0.0,"(3, 61, 512, 512)",3319584.0,3405417.0,3021453.0,3527105.0,74545898.8664597,0.18024484435124183,339035411.23854744,18654101.25427139,1.0357336561131867,360.0,0.04160964991939685,4.160964991939685e-06,False,3527105.0,3398232.0,3405417.0
20260309_stcolab_d5_vess_only_dcaatto488_txred594_albumin680,DCA_ALB_TexasREd_dev2/P 3,Channel1,3.0,1.0,"(3, 61, 512, 512)",7921809.0,15153029.0,3873798.0,12973081.0,74545898.8664597,0.18024484435124183,339035411.23854744,18654101.25427139,0.8561378058472666,360.0,0.01613650757716316,1.613650757716316e-06,True,12973081.0,14730563.0,15153029.0
20260309_stcolab_d5_vess_only_dcaatto488_txred594_albumin680,DCA_ALB_TexasREd_dev3/P 1,Channel 3,3.0,3.0,"(3, 61, 512, 512)",31359882.0,28444849.0,17884580.0,30167195.0,51284603.984701335,0.1240012610136573,362296706.12030584,9678907.630771428,1.0605503653754675,360.0,0.13014753182513705,1.3014753182513705e-05,False,30167195.0,30764776.0,28444849.0
20260309_stcolab_d5_vess_only_dcaatto488_txred594_albumin680,DCA_ALB_TexasREd_dev3/P 1,Channel 0,3.0,0.0,"(3, 61, 512, 512)",6979069.0,6899640.0,5405181.0,6211971.0,51284603.984701335,0.1240012610136573,362296706.12030584,9678907.630771428,0.9003326260500548,360.0,0.11319289353819986,1.1319289353819987e-05,False,6211971.0,6539986.0,6899640.0
20260309_stcolab_d5_vess_only_dcaatto488_txred594_albumin680,DCA_ALB_TexasREd_dev3/P 1,Channel1,3.0,1.0,"(3, 61, 512, 512)",20135614.0,25314837.0,11596630.0,25075477.0,51284603.984701335,0.1240012610136573,362296706.12030584,9678907.630771428,0.9905446754407307,360.0,0.06440153244530879,6.440153244530879e-06,False,25075477.0,27013615.0,25314837.0
20260309_stcolab_d5_vess_only_dcaatto488_txred594_albumin680,DCA_ALB_TexasREd_dev3/P 2,Channel 3,3.0,3.0,"(3, 61, 512, 512)",45176026.0,30086471.0,20597056.0,31841206.0,53890590.509141535,0.13030228685976855,359690719.5958656,9186518.926949859,1.058323058227733,360.0,0.26323152568533137,2.6323152568533137e-05,False,31841206.0,31519354.0,30086471.0
20260309_stcolab_d5_vess_only_dcaatto488_txred594_albumin680,DCA_ALB_TexasREd_dev3/P 2,Channel 0,3.0,0.0,"(3, 61, 512, 512)",7162996.0,6442412.0,5246866.0,6829059.0,53890590.509141535,0.13030228685976855,359690719.5958656,9186518.926949859,1.0600158760414577,360.0,0.16126816838173183,1.6126816838173182e-05,False,6829059.0,6532007.0,6442412.0
20260309_stcolab_d5_vess_only_dcaatto488_txred594_albumin680,DCA_ALB_TexasREd_dev3/P 2,Channel1,3.0,1.0,"(3, 61, 512, 512)",22366774.0,22781903.0,13642873.0,26878249.0,53890590.509141535,0.13030228685976855,359690719.5958656,9186518.926949859,1.1798070161215242,360.0,0.10473694246794008,1.0473694246794008e-05,False,26878249.0,24395735.0,22781903.0
20260309_stcolab_d5_vess_only_dcaatto488_txred594_albumin680,DCA_ALB_TexasREd_dev3/P 3,Channel 3,3.0,3.0,"(3, 61, 512, 512)",25641224.0,18679009.0,13828149.0,22369433.0,68320426.43649545,0.16519224821631587,345260883.66851175,15001340.253957685,1.197570652704327,360.0,0.1263394831089501,1.2633948310895011e-05,False,22369433.0,18368868.0,18679009.0
20260309_stcolab_d5_vess_only_dcaatto488_txred594_albumin680,DCA_ALB_TexasREd_dev3/P 3,Channel 0,3.0,0.0,"(3, 61, 512, 512)",6085862.0,6856009.0,4927134.0,7331774.0,68320426.43649545,0.16519224821631587,345260883.66851175,15001340.253957685,1.069393870398945,360.0,0.04203491955207019,4.203491955207019e-06,False,7331774.0,6885841.0,6856009.0
20260309_stcolab_d5_vess_only_dcaatto488_txred594_albumin680,DCA_ALB_TexasREd_dev3/P 3,Channel1,3.0,1.0,"(3, 61, 512, 512)",21525273.0,24232291.0,14452367.0,32356545.0,68320426.43649545,0.16519224821631587,345260883.66851175,15001340.253957685,1.335265617270773,360.0,0.051024668835081353,5.102466883508135e-06,False,32356545.0,29596055.0,24232291.0
20260309_stcolab_d5_vess_only_dcaatto488_txred594_albumin680,DCA_TexasReD_dev1/P 1,Channel 3,3.0,3.0,"(3, 61, 512, 512)",31332283.0,21807134.0,15428761.0,27215989.0,51350784.44288691,0.12416127902358326,362230525.6621203,10291672.290509738,1.248031446956762,360.0,0.19636917386655375,1.9636917386655377e-05,False,27215989.0,25307310.0,21807134.0
20260309_stcolab_d5_vess_only_dcaatto488_txred594_albumin680,DCA_TexasReD_dev1/P 1,Channel 0,3.0,0.0,"(3, 61, 512, 512)",5506715.0,4279935.0,4274797.0,4293936.0,51350784.44288691,0.12416127902358326,362230525.6621203,10291672.290509738,1.0032713113633736,360.0,6.38504265807211,0.000638504265807211,False,4293936.0,3894784.0,4279935.0
20260309_stcolab_d5_vess_only_dcaatto488_txred594_albumin680,DCA_TexasReD_dev1/P 1,Channel1,3.0,1.0,"(3, 61, 512, 512)",6112141.0,1083856.0,7470568.0,1264657.0,51350784.44288691,0.12416127902358326,362230525.6621203,10291672.290509738,1.1668127500332148,360.0,0.0053381502171768735,5.338150217176874e-07,True,1264657.0,964640.0,1083856.0
20260309_stcolab_d5_vess_only_dcaatto488_txred594_albumin680,DCA_TexasReD_dev1/P 2,Channel 3,3.0,3.0,"(3, 61, 512, 512)",40869995.0,37042906.0,16843352.0,34495972.0,62408737.21078379,0.15089834981889869,351172572.8942234,11788505.057528937,0.9312436772644134,360.0,0.09945472170930378,9.945472170930378e-06,True,34495972.0,30028698.0,37042906.0
20260309_stcolab_d5_vess_only_dcaatto488_txred594_albumin680,DCA_TexasReD_dev1/P 2,Channel 0,3.0,0.0,"(3, 61, 512, 512)",5109530.0,5149907.0,3915586.0,5031550.0,62408737.21078379,0.15089834981889869,351172572.8942234,11788505.057528937,0.9770176432312273,360.0,0.07982321921841108,7.982321921841109e-06,False,5031550.0,5094133.0,5149907.0
20260309_stcolab_d5_vess_only_dcaatto488_txred594_albumin680,DCA_TexasReD_dev1/P 2,Channel1,3.0,1.0,"(3, 61, 512, 512)",5480373.0,1225938.0,3397601.0,1052657.0,62408737.21078379,0.15089834981889869,351172572.8942234,11788505.057528937,0.858654352830241,360.0,-0.046161807769801014,-4.6161807769801015e-06,True,1052657.0,1393973.0,1225938.0
20260309_stcolab_d5_vess_only_dcaatto488_txred594_albumin680,DCA_TexasReD_dev1/P 3,Channel 3,3.0,3.0,"(3, 61, 512, 512)",26921613.0,21492276.0,10631766.0,21999828.0,88446609.02058505,0.21385543026141265,325134701.0844221,22465927.711320676,1.0236155537924416,360.0,0.05985418347215486,5.985418347215486e-06,True,21999828.0,19525709.0,21492276.0
20260309_stcolab_d5_vess_only_dcaatto488_txred594_albumin680,DCA_TexasReD_dev1/P 3,Channel 0,3.0,0.0,"(3, 61, 512, 512)",4327310.0,3661483.0,3258902.0,3427597.0,88446609.02058505,0.21385543026141265,325134701.0844221,22465927.711320676,0.9361226038738948,360.0,0.18873582316391954,1.8873582316391955e-05,False,3427597.0,3572938.0,3661483.0
20260309_stcolab_d5_vess_only_dcaatto488_txred594_albumin680,DCA_TexasReD_dev1/P 3,Channel1,3.0,1.0,"(3, 61, 512, 512)",5508638.0,1789211.0,4456752.0,1264646.0,88446609.02058505,0.21385543026141265,325134701.0844221,22465927.711320676,0.7068176978567648,360.0,0.007092226711107888,7.092226711107888e-07,True,1264646.0,1920033.0,1789211.0
20260309_stcolab_d5_vess_only_dcaatto488_txred594_albumin680,DCA_TexasREd_dev2/P 1,Channel 3,3.0,3.0,"(3, 54, 512, 512)",16140291.0,16553538.0,5401319.0,12939265.0,93630042.40914845,0.254924838282481,273654852.3855967,23690391.31097202,0.7816616000760683,360.0,0.03071194482433471,3.0711944824334712e-06,True,12939265.0,12173279.0,16553538.0
20260309_stcolab_d5_vess_only_dcaatto488_txred594_albumin680,DCA_TexasREd_dev2/P 1,Channel 0,3.0,0.0,"(3, 54, 512, 512)",2721108.0,2323399.0,2586148.0,2108678.0,93630042.40914845,0.254924838282481,273654852.3855967,23690391.31097202,0.9075832433430504,360.0,0.007830108962060527,7.830108962060527e-07,False,2108678.0,2160489.0,2323399.0
20260309_stcolab_d5_vess_only_dcaatto488_txred594_albumin680,DCA_TexasREd_dev2/P 1,Channel1,3.0,1.0,"(3, 54, 512, 512)",4755191.0,1653587.0,6344282.0,2173665.0,93630042.40914845,0.254924838282481,273654852.3855967,23690391.31097202,1.314515051218956,360.0,0.0007194403642209128,7.194403642209128e-08,False,2173665.0,2061726.0,1653587.0
20260309_stcolab_d5_vess_only_dcaatto488_txred594_albumin680,DCA_TexasREd_dev2/P 2,Channel 3,3.0,3.0,"(3, 54, 512, 512)",14562487.0,18612101.0,7970775.0,20302359.0,100821165.54877399,0.2745039803641183,266463729.24597114,24521941.129221097,1.090815002562043,360.0,0.019371762979256607,1.9371762979256606e-06,False,20302359.0,18629684.0,18612101.0
20260309_stcolab_d5_vess_only_dcaatto488_txred594_albumin680,DCA_TexasREd_dev2/P 2,Channel 0,3.0,0.0,"(3, 54, 512, 512)",4096203.0,5567346.0,3433690.0,5207881.0,100821165.54877399,0.2745039803641183,266463729.24597114,24521941.129221097,0.9354333285554733,360.0,0.006771758083617785,6.771758083617785e-07,False,5207881.0,5281351.0,5567346.0
20260309_stcolab_d5_vess_only_dcaatto488_txred594_albumin680,DCA_TexasREd_dev2/P 2,Channel1,3.0,1.0,"(3, 54, 512, 512)",4116800.0,1885217.0,4990686.0,1974160.0,100821165.54877399,0.2745039803641183,266463729.24597114,24521941.129221097,1.0471791841469709,360.0,0.00680087175188977,6.80087175188977e-07,False,1974160.0,2057449.0,1885217.0
20260309_stcolab_d5_vess_only_dcaatto488_txred594_albumin680,DCA_TexasREd_dev2/P 3,Channel 3,3.0,3.0,"(3, 54, 512, 512)",16344953.0,16250583.0,8083881.0,17311492.0,104268471.5894153,0.2838898987329307,263016423.20532984,27668454.746935055,1.065284365490149,360.0,0.026693242195008328,2.669324219500833e-06,False,17311492.0,15942192.0,16250583.0
20260309_stcolab_d5_vess_only_dcaatto488_txred594_albumin680,DCA_TexasREd_dev2/P 3,Channel 0,3.0,0.0,"(3, 54, 512, 512)",3891982.0,4625092.0,3169232.0,4649109.0,104268471.5894153,0.2838898987329307,263016423.20532984,27668454.746935055,1.005192761571013,360.0,0.013256697684650176,1.3256697684650178e-06,False,4649109.0,4681746.0,4625092.0
20260309_stcolab_d5_vess_only_dcaatto488_txred594_albumin680,DCA_TexasREd_dev2/P 3,Channel1,3.0,1.0,"(3, 54, 512, 512)",3188866.0,1304498.0,2819730.0,1145389.0,104268471.5894153,0.2838898987329307,263016423.20532984,27668454.746935055,0.878030476091186,360.0,0.00031239382028199294,3.12393820281993e-08,True,1145389.0,1947481.0,1304498.0
20260309_stcolab_d5_vess_only_dcaatto488_txred594_albumin680,DCA_TexasREd_dev3/P 1,Channel 3,3.0,3.0,"(3, 55, 512, 512)",8420584.0,7884111.0,3764492.0,10351405.0,28839644.64257946,0.07722331275624678,344618105.52686733,6260700.271154264,1.3129451120107263,360.0,0.16925210772931126,1.6925210772931126e-05,True,10351405.0,6378874.0,7884111.0
20260309_stcolab_d5_vess_only_dcaatto488_txred594_albumin680,DCA_TexasREd_dev3/P 1,Channel 0,3.0,0.0,"(3, 55, 512, 512)",4163140.0,2269448.0,3914184.0,3168316.0,28839644.64257946,0.07722331275624678,344618105.52686733,6260700.271154264,1.3960734063966216,360.0,-0.3890595036657435,-3.890595036657435e-05,False,3168316.0,2739966.0,2269448.0
20260309_stcolab_d5_vess_only_dcaatto488_txred594_albumin680,DCA_TexasREd_dev3/P 1,Channel1,3.0,1.0,"(3, 55, 512, 512)",6276993.0,612202.0,5705453.0,696922.0,28839644.64257946,0.07722331275624678,344618105.52686733,6260700.271154264,1.1383856962244487,360.0,-0.04396640033107926,-4.396640033107926e-06,False,696922.0,665265.0,612202.0
20260309_stcolab_d5_vess_only_dcaatto488_txred594_albumin680,DCA_TexasREd_dev3/P 2,Channel 3,3.0,3.0,"(3, 55, 512, 512)",9230910.0,8186377.0,5185765.0,12076895.0,44723107.66635135,0.11975412920486829,328734642.5030954,9271669.167634122,1.4752429554612498,360.0,0.12051158635954881,1.2051158635954882e-05,False,12076895.0,9622686.0,8186377.0
20260309_stcolab_d5_vess_only_dcaatto488_txred594_albumin680,DCA_TexasREd_dev3/P 2,Channel 0,3.0,0.0,"(3, 55, 512, 512)",3270292.0,2117648.0,2942068.0,2537426.0,44723107.66635135,0.11975412920486829,328734642.5030954,9271669.167634122,1.1982284118984836,360.0,-0.23767382131614215,-2.3767382131614215e-05,False,2537426.0,2372031.0,2117648.0
20260309_stcolab_d5_vess_only_dcaatto488_txred594_albumin680,DCA_TexasREd_dev3/P 2,Channel1,3.0,1.0,"(3, 55, 512, 512)",5593692.0,991721.0,5283069.0,927374.0,44723107.66635135,0.11975412920486829,328734642.5030954,9271669.167634122,0.9351158239061188,360.0,0.0011830083818108945,1.1830083818108945e-07,True,927374.0,1128854.0,991721.0
20260309_stcolab_d5_vess_only_dcaatto488_txred594_albumin680,DCA_TexasREd_dev3/P 3,Channel 3,3.0,3.0,"(3, 55, 512, 512)",14119018.0,11563858.0,5768118.0,15678601.0,45354641.84116294,0.12144517504479276,328103108.32828385,10522714.55973253,1.355827873361987,360.0,0.1168890512030886,1.168890512030886e-05,True,15678601.0,17252423.0,11563858.0
20260309_stcolab_d5_vess_only_dcaatto488_txred594_albumin680,DCA_TexasREd_dev3/P 3,Channel 0,3.0,0.0,"(3, 55, 512, 512)",3306284.0,2113153.0,2925564.0,2279743.0,45354641.84116294,0.12144517504479276,328103108.32828385,10522714.55973253,1.0788348027804897,360.0,-0.08601549653301037,-8.601549653301037e-06,False,2279743.0,2199927.0,2113153.0
20260309_stcolab_d5_vess_only_dcaatto488_txred594_albumin680,DCA_TexasREd_dev3/P 3,Channel1,3.0,1.0,"(3, 55, 512, 512)",5407160.0,949280.0,5514398.0,1106931.0,45354641.84116294,0.12144517504479276,328103108.32828385,10522714.55973253,1.1660742878813417,360.0,-0.015539298855916707,-1.5539298855916709e-06,False,1106931.0,884652.0,949280.0
20260309_stcolab_d5_vess_only_dcaatto488_txred594_albumin680,TexasREd_dev1,Channel 3,3.0,3.0,"(3, 42, 512, 512)",4022849.0,9557737.0,3534108.0,18092484.0,52828453.612888746,0.18604755401611328,231122893.62338483,10392708.092978198,1.8929673415370187,360.0,0.017316769071130285,1.7316769071130286e-06,False,18092484.0,13541760.0,9557737.0
20260309_stcolab_d5_vess_only_dcaatto488_txred594_albumin680,TexasREd_dev1,Channel 0,3.0,0.0,"(3, 42, 512, 512)",5250237.0,3915942.0,4353833.0,4047117.0,52828453.612888746,0.18604755401611328,231122893.62338483,10392708.092978198,1.0334976871465409,360.0,-0.21596401985474195,-2.1596401985474196e-05,False,4047117.0,3583136.0,3915942.0
20260309_stcolab_d5_vess_only_dcaatto488_txred594_albumin680,TexasREd_dev1,Channel1,3.0,1.0,"(3, 42, 512, 512)",5029986.0,3485842.0,4318700.0,2913307.0,52828453.612888746,0.18604755401611328,231122893.62338483,10392708.092978198,0.8357541735970822,360.0,0.0050490979249017635,5.049097924901764e-07,True,2913307.0,3076089.0,3485842.0
20260309_stcolab_d5_vess_only_dcaatto488_txred594_albumin680,TexasREd_dev2/P 1,Channel 3,3.0,3.0,"(3, 62, 512, 512)",26670029.0,32765420.0,15251084.0,39608444.0,77014520.61494347,0.18347529804005341,342739644.8647653,11394892.026038995,1.208848963327801,360.0,0.058275770570427814,5.827577057042782e-06,True,39608444.0,25541213.0,32765420.0
20260309_stcolab_d5_vess_only_dcaatto488_txred594_albumin680,TexasREd_dev2/P 1,Channel 0,3.0,0.0,"(3, 62, 512, 512)",7388016.0,1723970.0,7982158.0,1908083.0,77014520.61494347,0.18347529804005341,342739644.8647653,11394892.026038995,1.1067959419247435,360.0,-0.0026804782623966275,-2.6804782623966275e-07,True,1908083.0,1529283.0,1723970.0
20260309_stcolab_d5_vess_only_dcaatto488_txred594_albumin680,TexasREd_dev2/P 1,Channel1,3.0,1.0,"(3, 62, 512, 512)",5791874.0,1467292.0,5981162.0,1506808.0,77014520.61494347,0.18347529804005341,342739644.8647653,11394892.026038995,1.0269312447692756,360.0,0.0006219262044515979,6.219262044515978e-08,False,1506808.0,1376763.0,1467292.0
20260309_stcolab_d5_vess_only_dcaatto488_txred594_albumin680,TexasREd_dev2/P 2,Channel 3,3.0,3.0,"(3, 62, 512, 512)",35640256.0,28889705.0,16062256.0,28042997.0,72169171.52753623,0.17193199606502757,347584993.9521726,13860053.377269365,0.970691704882414,360.0,0.1077621098317856,1.077621098317856e-05,False,28042997.0,27826716.0,28889705.0
20260309_stcolab_d5_vess_only_dcaatto488_txred594_albumin680,TexasREd_dev2/P 2,Channel 0,3.0,0.0,"(3, 62, 512, 512)",7853364.0,1976312.0,5637908.0,1324829.0,72169171.52753623,0.17193199606502757,347584993.9521726,13860053.377269365,0.6703541748468865,360.0,0.00603043598081284,6.03043598081284e-07,True,1324829.0,1385006.0,1976312.0
20260309_stcolab_d5_vess_only_dcaatto488_txred594_albumin680,TexasREd_dev2/P 2,Channel1,3.0,1.0,"(3, 62, 512, 512)",5393584.0,1371080.0,5684272.0,1394641.0,72169171.52753623,0.17193199606502757,347584993.9521726,13860053.377269365,1.0171842635003063,360.0,0.003215481074298851,3.2154810742988514e-07,True,1394641.0,1674175.0,1371080.0
20260309_stcolab_d5_vess_only_dcaatto488_txred594_albumin680,TexasREd_dev2/P 3,Channel 3,3.0,3.0,"(3, 62, 512, 512)",30776837.0,61173862.0,12390669.0,53401717.0,118396415.83764873,0.2820613244000603,301357749.64206004,20614654.00489057,0.8729499046504535,360.0,0.014333444134377468,1.4333444134377468e-06,False,53401717.0,56877433.0,61173862.0
20260309_stcolab_d5_vess_only_dcaatto488_txred594_albumin680,TexasREd_dev2/P 3,Channel 0,3.0,0.0,"(3, 62, 512, 512)",6591455.0,2932378.0,5171998.0,2111939.0,118396415.83764873,0.2820613244000603,301357749.64206004,20614654.00489057,0.7202137650739434,360.0,0.005636358182860998,5.636358182860999e-07,True,2111939.0,2309521.0,2932378.0
20260309_stcolab_d5_vess_only_dcaatto488_txred594_albumin680,TexasREd_dev2/P 3,Channel1,3.0,1.0,"(3, 62, 512, 512)",4973752.0,2322740.0,5681043.0,2514719.0,118396415.83764873,0.2820613244000603,301357749.64206004,20614654.00489057,1.0826519541575896,360.0,0.0037986957285091093,3.7986957285091094e-07,False,2514719.0,2751353.0,2322740.0
20260309_stcolab_d5_vess_only_dcaatto488_txred594_albumin680,DCA_dev1/P 1,Channel 3,3.0,3.0,"(3, 63, 512, 512)",4530605.0,773861.0,3214073.0,1577686.0,6110218.826481132,0.014345694279325182,419816802.02792925,3023798.3770291535,2.038720131909994,360.0,-1.4193836216005868,-0.00014193836216005868,True,1577686.0,599529.0,773861.0
20260309_stcolab_d5_vess_only_dcaatto488_txred594_albumin680,DCA_dev1/P 1,Channel 0,3.0,0.0,"(3, 63, 512, 512)",9208004.0,154003.0,7869555.0,156653.0,6110218.826481132,0.014345694279325182,419816802.02792925,3023798.3770291535,1.0172074569975909,360.0,-0.0748476392176533,-7.484763921765331e-06,False,156653.0,146326.0,154003.0
20260309_stcolab_d5_vess_only_dcaatto488_txred594_albumin680,DCA_dev1/P 1,Channel1,3.0,1.0,"(3, 63, 512, 512)",9616631.0,216339.0,6735337.0,108534.0,6110218.826481132,0.014345694279325182,419816802.02792925,3023798.3770291535,0.5016848557125623,360.0,0.11120388133992347,1.1120388133992347e-05,True,108534.0,158784.0,216339.0
20260309_stcolab_d5_vess_only_dcaatto488_txred594_albumin680,DCA_dev1/P 2,Channel 3,3.0,3.0,"(3, 63, 512, 512)",3423348.0,557507.0,3344803.0,1611346.0,6242756.3496611705,0.014656868533811708,419684264.5047492,3174997.4298878466,2.8902704360662734,360.0,-1.3873256417958868,-0.00013873256417958868,False,1611346.0,902832.0,557507.0
20260309_stcolab_d5_vess_only_dcaatto488_txred594_albumin680,DCA_dev1/P 2,Channel 0,3.0,0.0,"(3, 63, 512, 512)",14784049.0,202330.0,13390505.0,165109.0,6242756.3496611705,0.014656868533811708,419684264.5047492,3174997.4298878466,0.8160381554885583,360.0,0.03681824129288928,3.681824129288928e-06,True,165109.0,154652.0,202330.0
20260309_stcolab_d5_vess_only_dcaatto488_txred594_albumin680,DCA_dev1/P 2,Channel1,3.0,1.0,"(3, 63, 512, 512)",7518050.0,184040.0,7496269.0,98033.0,6242756.3496611705,0.014656868533811708,419684264.5047492,3174997.4298878466,0.5326722451640947,360.0,0.17329046096104198,1.7329046096104198e-05,True,98033.0,102470.0,184040.0
20260309_stcolab_d5_vess_only_dcaatto488_txred594_albumin680,DCA_dev1/P 3,Channel 3,3.0,3.0,"(3, 63, 512, 512)",4775710.0,574378.0,3277493.0,1624322.0,5561383.733380174,0.01305712824282439,420365637.12103015,3056174.8147097095,2.827966948594828,360.0,-2.3638606813264667,-0.00023638606813264668,False,1624322.0,671592.0,574378.0
20260309_stcolab_d5_vess_only_dcaatto488_txred594_albumin680,DCA_dev1/P 3,Channel 0,3.0,0.0,"(3, 63, 512, 512)",15923817.0,226904.0,12598123.0,203691.0,5561383.733380174,0.01305712824282439,420365637.12103015,3056174.8147097095,0.8976968233261644,360.0,-0.05230085665372177,-5.230085665372177e-06,True,203691.0,252206.0,226904.0
20260309_stcolab_d5_vess_only_dcaatto488_txred594_albumin680,DCA_dev1/P 3,Channel1,3.0,1.0,"(3, 63, 512, 512)",7671104.0,175320.0,7453105.0,132959.0,5561383.733380174,0.01305712824282439,420365637.12103015,3056174.8147097095,0.7583789641797856,360.0,0.08536456075570563,8.536456075570563e-06,True,132959.0,146744.0,175320.0
20260309_stcolab_d5_vess_only_dcaatto488_txred594_albumin680,DCA_dev2/P 2,Channel 3,3.0,3.0,"(3, 37, 512, 512)",2549557.0,14202.0,3267373.0,47216.0,107306.29708295895,0.0004292240849247686,249893336.3783318,59302.97464576513,3.3246021687086325,360.0,-18.934062828919867,-0.0018934062828919868,False,47216.0,14567.0,14202.0
20260309_stcolab_d5_vess_only_dcaatto488_txred594_albumin680,DCA_dev2/P 2,Channel 0,3.0,0.0,"(3, 37, 512, 512)",7804923.0,24823.0,6395757.0,27010.0,107306.29708295895,0.0004292240849247686,249893336.3783318,59302.97464576513,1.0881037747250535,360.0,-3.853724007856029,-0.00038537240078560293,False,27010.0,27163.0,24823.0
20260309_stcolab_d5_vess_only_dcaatto488_txred594_albumin680,DCA_dev2/P 2,Channel1,3.0,1.0,"(3, 37, 512, 512)",2816961.0,2338.0,3927750.0,4528.0,107306.29708295895,0.0004292240849247686,249893336.3783318,59302.97464576513,1.9366980325064158,360.0,-4.558419970375183,-0.00045584199703751826,False,4528.0,3202.0,2338.0
20260309_stcolab_d5_vess_only_dcaatto488_txred594_albumin680,DCA_dev2/P 3,Channel 3,3.0,3.0,"(3, 37, 512, 512)",2639415.0,200232.0,2206452.0,382117.0,1088910.488480858,0.004355630756896219,248911732.1869339,390634.6834329732,1.908371289304407,360.0,-2.7462211971980635,-0.00027462211971980636,False,382117.0,221723.0,200232.0
20260309_stcolab_d5_vess_only_dcaatto488_txred594_albumin680,DCA_dev2/P 3,Channel 0,3.0,0.0,"(3, 37, 512, 512)",11713818.0,56313.0,8354893.0,47543.0,1088910.488480858,0.004355630756896219,248911732.1869339,390634.6834329732,0.8442633139772344,360.0,-0.32697908767716255,-3.269790876771626e-05,True,47543.0,49677.0,56313.0
20260309_stcolab_d5_vess_only_dcaatto488_txred594_albumin680,DCA_dev2/P 3,Channel1,3.0,1.0,"(3, 37, 512, 512)",4563419.0,40251.0,3940424.0,29529.0,1088910.488480858,0.004355630756896219,248911732.1869339,390634.6834329732,0.7336215249310576,360.0,0.2681999701710572,2.6819997017105718e-05,True,29529.0,34788.0,40251.0
20260309_stcolab_d5_vess_only_dcaatto488_txred594_albumin680,TexasREd_dev3/P 1,Channel 3,3.0,3.0,"(3, 50, 512, 512)",18965849.0,19529914.0,10762478.0,23330173.0,48437819.96323012,0.142671030217951,291069225.64535785,8468892.346187685,1.1945865711441432,360.0,0.09035137194949122,9.035137194949123e-06,False,23330173.0,20933759.0,19529914.0
20260309_stcolab_d5_vess_only_dcaatto488_txred594_albumin680,TexasREd_dev3/P 1,Channel 0,3.0,0.0,"(3, 50, 512, 512)",6909224.0,1362449.0,4266345.0,891279.0,48437819.96323012,0.142671030217951,291069225.64535785,8468892.346187685,0.6541742112915786,360.0,-0.007170471726451156,-7.170471726451156e-07,True,891279.0,1190050.0,1362449.0
20260309_stcolab_d5_vess_only_dcaatto488_txred594_albumin680,TexasREd_dev3/P 1,Channel1,3.0,1.0,"(3, 50, 512, 512)",5070768.0,1205157.0,5647657.0,1067832.0,48437819.96323012,0.142671030217951,291069225.64535785,8468892.346187685,0.886052190710422,360.0,0.024070461397080425,2.4070461397080426e-06,True,1067832.0,720602.0,1205157.0
20260309_stcolab_d5_vess_only_dcaatto488_txred594_albumin680,TexasREd_dev3/P 2,Channel 3,3.0,3.0,"(3, 50, 512, 512)",19007222.0,28854622.0,10425683.0,30691604.0,63822227.466434166,0.18798498673872516,275684818.1421538,11445217.28331657,1.0636633534828492,360.0,0.032327620292248956,3.2327620292248957e-06,False,30691604.0,29538504.0,28854622.0
20260309_stcolab_d5_vess_only_dcaatto488_txred594_albumin680,TexasREd_dev3/P 2,Channel 0,3.0,0.0,"(3, 50, 512, 512)",6718969.0,1792646.0,4122134.0,1112649.0,63822227.466434166,0.18798498673872516,275684818.1421538,11445217.28331657,0.6206741319814397,360.0,-0.0010706482264427376,-1.0706482264427376e-07,True,1112649.0,1681347.0,1792646.0
20260309_stcolab_d5_vess_only_dcaatto488_txred594_albumin680,TexasREd_dev3/P 2,Channel1,3.0,1.0,"(3, 50, 512, 512)",3606784.0,1145549.0,4739343.0,1395290.0,63822227.466434166,0.18798498673872516,275684818.1421538,11445217.28331657,1.2180098799789445,360.0,0.006927810188669341,6.927810188669341e-07,False,1395290.0,1435951.0,1145549.0
20260309_stcolab_d5_vess_only_dcaatto488_txred594_albumin680,TexasREd_dev3/P 3,Channel 3,3.0,3.0,"(3, 50, 512, 512)",8911176.0,11070882.0,6595445.0,17672597.0,48551978.6044981,0.1430072784423828,290955067.0040899,11135573.432330005,1.5963133741286377,360.0,0.04999005401820627,4.999005401820627e-06,False,17672597.0,15682638.0,11070882.0
20260309_stcolab_d5_vess_only_dcaatto488_txred594_albumin680,TexasREd_dev3/P 3,Channel 0,3.0,0.0,"(3, 50, 512, 512)",4629540.0,1024003.0,6665632.0,1590143.0,48551978.6044981,0.1430072784423828,290955067.0040899,11135573.432330005,1.552869474015213,360.0,-0.007485129365728947,-7.485129365728948e-07,False,1590143.0,1235839.0,1024003.0
20260309_stcolab_d5_vess_only_dcaatto488_txred594_albumin680,TexasREd_dev3/P 3,Channel1,3.0,1.0,"(3, 50, 512, 512)",3369749.0,721390.0,5237233.0,1288477.0,48551978.6044981,0.1430072784423828,290955067.0040899,11135573.432330005,1.7861032173997422,360.0,-0.014363888864776204,-1.4363888864776205e-06,False,1288477.0,1019582.0,721390.0
20260309_stcolab_d5_vess_only_dcaatto488_txred594_albumin680,DCA_dev3/P 1,Channel 3,3.0,3.0,"(3, 40, 512, 512)",3341672.0,588186.0,3246674.0,1649631.0,5001410.6375317415,0.018414237282492894,266604225.84933868,2808421.9077864103,2.8046077261274496,360.0,-1.0113940233119725,-0.00010113940233119726,False,1649631.0,737020.0,588186.0
20260309_stcolab_d5_vess_only_dcaatto488_txred594_albumin680,DCA_dev3/P 1,Channel 0,3.0,0.0,"(3, 40, 512, 512)",4847596.0,115231.0,5098703.0,111111.0,5001410.6375317415,0.018414237282492894,266604225.84933868,2808421.9077864103,0.964245732485182,360.0,0.02243967468549193,2.243967468549193e-06,False,111111.0,115119.0,115231.0
20260309_stcolab_d5_vess_only_dcaatto488_txred594_albumin680,DCA_dev3/P 1,Channel1,3.0,1.0,"(3, 40, 512, 512)",4434835.0,151021.0,4331530.0,147916.0,5001410.6375317415,0.018414237282492894,266604225.84933868,2808421.9077864103,0.9794399454380517,360.0,-0.0007642161521006546,-7.642161521006547e-08,True,147916.0,93759.0,151021.0
20260309_stcolab_d5_vess_only_dcaatto488_txred594_albumin680,DCA_dev3/P 2,Channel 3,3.0,3.0,"(3, 40, 512, 512)",3332147.0,669341.0,2702649.0,1418430.0,5830520.736344773,0.021466862071644173,265775115.75052562,2981425.868214043,2.119144053628868,360.0,-0.8404284688106455,-8.404284688106455e-05,True,1418430.0,558013.0,669341.0
20260309_stcolab_d5_vess_only_dcaatto488_txred594_albumin680,DCA_dev3/P 2,Channel 0,3.0,0.0,"(3, 40, 512, 512)",5742485.0,150269.0,6060009.0,157216.0,5830520.736344773,0.021466862071644173,265775115.75052562,2981425.868214043,1.046230426767996,360.0,0.002183340680579404,2.183340680579404e-07,False,157216.0,166562.0,150269.0
20260309_stcolab_d5_vess_only_dcaatto488_txred594_albumin680,DCA_dev3/P 2,Channel1,3.0,1.0,"(3, 40, 512, 512)",4866029.0,177254.0,4907698.0,123230.0,5830520.736344773,0.021466862071644173,265775115.75052562,2981425.868214043,0.6952170331840184,360.0,0.07891386011510182,7.891386011510182e-06,True,123230.0,152226.0,177254.0
20260309_stcolab_d5_vess_only_dcaatto488_txred594_albumin680,DCA_dev3/P 3,Channel 3,3.0,3.0,"(3, 40, 512, 512)",3715831.0,657617.0,2806789.0,1593217.0,5201623.889879308,0.019151384180242363,266404012.5969911,2899168.5612045955,2.4227126123564324,360.0,-1.3031149649939355,-0.00013031149649939355,False,1593217.0,758650.0,657617.0
20260309_stcolab_d5_vess_only_dcaatto488_txred594_albumin680,DCA_dev3/P 3,Channel 0,3.0,0.0,"(3, 40, 512, 512)",3881571.0,151638.0,4011714.0,121897.0,5201623.889879308,0.019151384180242363,266404012.5969911,2899168.5612045955,0.8038684234822406,360.0,0.0584963193832485,5.84963193832485e-06,True,121897.0,127993.0,151638.0
20260309_stcolab_d5_vess_only_dcaatto488_txred594_albumin680,DCA_dev3/P 3,Channel1,3.0,1.0,"(3, 40, 512, 512)",5572269.0,117073.0,3153321.0,101874.0,5201623.889879308,0.019151384180242363,266404012.5969911,2899168.5612045955,0.8701750190052361,360.0,-0.14182866078061093,-1.4182866078061094e-05,True,101874.0,117913.0,117073.0
20260309_stcolab_d5_vess_only_dcaatto488_txred594_albumin680,DCA_ALB_TexasREd_dev4/P 1,Channel 3,3.0,3.0,"(3, 51, 512, 512)",8574935.0,6781768.0,3575969.0,7861136.0,29305615.820948154,0.08477674211774554,316374285.1623415,8462847.838459997,1.159157317088995,360.0,0.15421482067187997,1.5421482067187997e-05,False,7861136.0,6663784.0,6781768.0
20260309_stcolab_d5_vess_only_dcaatto488_txred594_albumin680,DCA_ALB_TexasREd_dev4/P 1,Channel 0,3.0,0.0,"(3, 51, 512, 512)",2728427.0,1361230.0,2551662.0,1654056.0,29305615.820948154,0.08477674211774554,316374285.1623415,8462847.838459997,1.2151186794296336,360.0,-0.08835264106820072,-8.835264106820072e-06,False,1654056.0,1367081.0,1361230.0
20260309_stcolab_d5_vess_only_dcaatto488_txred594_albumin680,DCA_ALB_TexasREd_dev4/P 1,Channel1,3.0,1.0,"(3, 51, 512, 512)",4887522.0,4858326.0,3749633.0,5723679.0,29305615.820948154,0.08477674211774554,316374285.1623415,8462847.838459997,1.1781175244312547,360.0,0.10565358522664228,1.0565358522664229e-05,False,5723679.0,5259937.0,4858326.0
20260309_stcolab_d5_vess_only_dcaatto488_txred594_albumin680,DCA_ALB_TexasREd_dev4/P 2,Channel 3,3.0,3.0,"(3, 51, 512, 512)",12673784.0,7758264.0,4828996.0,8261779.0,20142724.75518917,0.05826987539018903,325537176.2281004,4877826.931908347,1.0649004725799482,360.0,0.46806946799518345,4.680694679951835e-05,False,8261779.0,7144940.0,7758264.0
20260309_stcolab_d5_vess_only_dcaatto488_txred594_albumin680,DCA_ALB_TexasREd_dev4/P 2,Channel 0,3.0,0.0,"(3, 51, 512, 512)",3697673.0,1798445.0,2945845.0,1809604.0,20142724.75518917,0.05826987539018903,325537176.2281004,4877826.931908347,1.006204804706288,360.0,-0.1264080681496101,-1.264080681496101e-05,False,1809604.0,1662981.0,1798445.0
20260309_stcolab_d5_vess_only_dcaatto488_txred594_albumin680,DCA_ALB_TexasREd_dev4/P 2,Channel1,3.0,1.0,"(3, 51, 512, 512)",7514588.0,6675028.0,3966982.0,6432619.0,20142724.75518917,0.05826987539018903,325537176.2281004,4877826.931908347,0.9636841972797717,360.0,0.24621533982134813,2.4621533982134816e-05,True,6432619.0,7109456.0,6675028.0
